#Front	Back	Tags
благодарность	рәхмәт	вводн01
весьма	бик, шактый, ярыйсы гына	вводн01
вечер	кич	вводн01
впрочем	ләкин, гәрчә	вводн01
господин	әфәнде	вводн01
день	көн	вводн01
есть (в контексте наличия)	бар	вводн01
живой	исән, тере	вводн01
замок	йозак, бик	вводн01
здоровый	сау, сәламәт	вводн01
когда	кайчан	вводн01
ладно	ярый, яхшы, ярыйсы	вводн01
настоящий	1) хәзерге, бу; 2)чын	вводн01
нет	юк	вводн01
ночной	төнге, төн	вводн01
ночь	төн	вводн01
однако	шулай да, ләкин	вводн01
откуда	кайдан	вводн01
очень	бик	вводн01
рад	шат	вводн01
рано	иртә, иртүк, бик иртә	вводн01
сейчас	хәзер	вводн01
славный	атаклы, яхшы	вводн01
слишком	бик, бигрәк, үтә	вводн01
спасибо	рәхмәт	вводн01
страна	ил	вводн01
сын	ул	вводн01
теперь	хәзер	вводн01
тот	шул, теге	вводн01
утро	иртә	вводн01
хороший	яхшы, әйбәт	вводн01
хорошо	яхшы, әйбәт, ярар	вводн01
что	нәрсә	вводн01
это	бу	вводн01
я	мин	вводн01
вода	су	вводн02
возраст	яшь	вводн02
вчера	кичә	вводн02
год	ел	вводн02
завтра	иртәгә	вводн02
лет	яшь, ел	вводн02
луна	ай	вводн02
месяц	ай	вводн02
младший	кече, яшь	вводн02
молодой	яшь	вводн02
надо	кирәк	вводн02
неделя	атна	вводн02
необходимо	тиеш, кирәк	вводн02
нужно	кирәк	вводн02
нужный	кирәк, кирәкле	вводн02
оба, обе	ике, икесе дә	вводн02
облик	йөз, чырай	вводн02
сегодня	бүген	вводн02
слеза	яшь, күз яше	вводн02
требовать	таләп ит-әргә, кирәк	вводн02
человек	кеше	вводн02
этаж	этаж, кат	вводн02
юный	яшь	вводн02
как	ничек	вводн03
мороз	суык, салкын	вводн03
тепло	җылы	вводн03
тёплый	җылы	вводн03
холод	суык, салкын	вводн03
холодно	суык, салкын	вводн03
холодный	салкын	вводн03
библиотека	китапханә	осн01
вернуться	кайт-ырга	осн01
вечерний	кичке	осн01
взглянуть	кара-рга, күз сал-ырга	осн01
вовремя	вакытында	осн01
возвратиться	кайт-ырга	осн01
войти	кер-ергә	осн01
всегда	һәрвакыт	осн01
встретиться	очраш-ырга	осн01
встречаться	очраш-ырга	осн01
вступить	кер-ергә	осн01
выпить	эч-әргә	осн01
глядеть	кара-рга	осн01
готовить	әзерлә-ргә	осн01
грива	ял	осн01
далее	аннары	осн01
двигаться	бар-ырга, хәрәкәтлән-ергә	осн01
дело	эш	осн01
днём	көндез	осн01
еда	аш, ашамлык, ризык	осн01
ехать	бар-ырга	осн01
жить	тор-ырга, яшә-ргә	осн01
зайти	кер-ергә	осн01
зуб	теш	осн01
идти	бар-ырга	осн01
иногда	кайвакыт	осн01
интересоваться	кызыксын-ырга	осн01
искусство	сәнгать	осн01
каша	ботка	осн01
лежать	ят-арга, ятып тор-ырга	осн01
лечь	ят-арга	осн01
ложиться	ят-арга	осн01
любить	ярат-ырга	осн01
молоко	сөт	осн01
написанный	язылган	осн01
написать	яз-арга, яса-рга	осн01
направиться	юнәл-ергә, кит-әргә	осн01
наука	фән	осн01
начаться	башлан-ырга	осн01
ночью	төнлә	осн01
обрадоваться	шатлан-ырга, сөен-ергә	осн01
общаться	аралаш-ырга	осн01
обычно	гадәттә	осн01
одеваться	киен-ергэ	осн01
отдых	ял	осн01
относиться	кер-ергэ, кара-рга	осн01
отойти	кит-әргә, читләш-ергә	осн01
отправиться	кит-әргә	осн01
оттуда	аннан	осн01
отходить	кит-әргә, чиген-ергә, читләш-ергә	осн01
писать	яз-арга	осн01
письмо	хат	осн01
пить	эч-әргә	осн01
пища	ашамлык, ризык, аш	осн01
поехать	кит-әргә	осн01
поздний	соң	осн01
поздравить, поздравлять	тәбрик ит-әргә, котла-рга	осн01
пойти	бар-ырга, кит-әргә	осн01
полюбить	ярат-ырга	осн01
порой	кайчакта, кайвакыт	осн01
послушать	тыңла-рга	осн01
посмотреть	кара-рга, карап ал-ырга	осн01
постоянно	һәрвакыт, өзлексез	осн01
поступок	кыланыш, эш	осн01
потом	аннары	осн01
появиться	кил-ергә, күрен-ергә	осн01
прибыть	кил-ергә	осн01
приезжать	кил-ергә, кайт-ырга	осн01
приехать	кил-ергә, кайт-ырга	осн01
прийти	кил-ергә	осн01
природа	табигать	осн01
приходить	кил-ергә, кайт-ырга	осн01
произвести	яса-рга, тудыр-ырга	осн01
производить	яса-рга, тудыр-ырга, эшләп чыгар-ырга	осн01
прочитать	укы-рга, укып чыг-арга	осн01
пустой	буш	осн01
работа	эш, хезмәт	осн01
радоваться	шатлан-ырга, сөен-ергэ, куан-ырга	осн01
рассматривать	күреп ал-ырга, кара-рга	осн01
расчесать	тара-рга	осн01
редкий	сирәк, сирәк була торган	осн01
редко	сирәк	осн01
с (предлог)	белән	осн01
садиться	утыр-ырга	осн01
сесть	утыр-ырга	осн01
сидеть	утыр-ырга, утырып тор-ырга	осн01
следить	күзәт-ергә, кара-рга	осн01
следовать	артыннан йөр-ергә, бар-ырга	осн01
служба	хезмәт, эш	осн01
слушать	тыңла-рга	осн01
слушаться	тыңла-рга, санла-рга	осн01
смотреть	кара-рга, күзәт-ергә	осн01
совершать	яса-рга, күрсәт-ергә	осн01
спортивный	спорт	осн01
стоить	тор-ырга	осн01
стоять	тор-ырга, басып тор-ырга	осн01
считать	сана-рга, исәплә-ргә	осн01
съесть	аша-рга, ашап бетер-ергә	осн01
там	анда, шунда	осн01
трудовой	эш, хезмәт ...-ы/-е, -сы /-се	осн01
уезжать	кит-әргә, китеп бар-ырга	осн01
уйти	кит-әргә	осн01
усесться	утыр-ырга	осн01
утренний	иртәнге	осн01
ухаживать	кара-рга, артыннан йөр-ергә	осн01
уходить	кит-әргә	осн01
физический	физика, физик	осн01
часто	еш	осн01
чистить	чистарт-ырга	осн01
читать	укы-рга	осн01
явиться	кил-ергә, бар-ырга, бул-ырга	осн01
беспокоиться	борчыл-ырга	осн02
взнимание	дикъкать, игътибар	осн02
видеть	күр-ергә	осн02
время	вакыт	осн02
выиграть	җиң-әргә	осн02
другой	бүтән, башка	осн02
думать	уйла-рга	осн02
иной	бүтән, башка	осн02
лишь	бары, тик, ... гына/генә	осн02
момент	момент, вакыт	осн02
огорчаться	борчыл-ырга	осн02
остальной	калган, башка	осн02
ощущать	сиз-әргә	осн02
папа	эти, ата	осн02
период	чор, вакыт, период	осн02
победить	җиң-әргә	осн02
половина	ярты	осн02
прочий	башка, калган	осн02
прошлый	узган	осн02
сколько	күпме, ничә, никадәр	осн02
слышать	ишет-ергә, сиз-әргә	осн02
совещание	киңәшмә	осн02
справиться	булдыра ал-ырга, җиң-әргә	осн02
срок	вакыт, срок	осн02
только	бары, тик, бары тик	осн02
устать	ары-рга, йончы-рга, әлсерә-ргә	осн02
час	сәгать	осн02
часы	сәгать	осн02
чувствовать	сиз-әргә, тоярга (той-арга), хис ит-әргә	осн02
апельсин	әфлисун	осн03
беседовать	сөйләш-ергә	осн03
брать	ал-ырга	осн03
брюки	чалбар	осн03
бывать	бул-ырга	осн03
быть	бул-ырга	осн03
весело	күңелле	осн03
взятый	алынган	осн03
взять	ал-ырга, тот-арга, кулга ал-ырга	осн03
виноград	йөзем	осн03
вкусный	тәмле	осн03
вложить	сал-ырга	осн03
вожатый	җитәкче, вожатый	осн03
воскресенье	якшәмбе	осн03
врозь	аерым	осн03
вручать	тапшыр-ырга	осн03
встреча	очрашу	осн03
вывести	чыгар-ырга	осн03
выдать, выдавать	бир-ергә	осн03
вынести	чыгар-ырга, алып чыг-арга	осн03
вынуть	ал-ырга, чыгар-ырга	осн03
выпускать	чыгар-ырга	осн03
выступление	чыгыш	осн03
высший	югары	осн03
выход	чыгу, чыгыш	осн03
глава (глава книги)	бүлек	осн03
говорить (в диалоге)	сөйләш-ергә	осн03
голова	баш	осн03
горох	борчак	осн03
давать, дать	бир-ергә	осн03
действительный	чын, хокукый	осн03
действовать	эшлә-ргә, хәрәкәт ит-әргә	осн03
делать	эшлә-ргә	осн03
дёшево, дешёвый	арзан, очсыз	осн03
добиться	иреш-ергэ	осн03
договариваться, договориться	килеш-ергә	осн03
дождь	яңгыр	осн03
дорого	кыйммәт, кыйбат	осн03
достижение	уңыш, казаныш	осн03
забрать	ал-ырга, алып кит-әргә	осн03
заведение	оешма	осн03
задать	бир-ергә	осн03
закончиться	тәмамлан-ырга	осн03
изюм	йөзем	осн03
картофель	бәрәңге	осн03
класть (внутрь чего-либо)	сал-ырга	осн03
корова	сыер	осн03
котёл	казан	осн03
крупный	эре	осн03
курица	тавык	осн03
лапа	тәпи, аяк	осн03
лук (овощ)	суган	осн03
магазин	кибет	осн03
масло	май	осн03
международный	халыкара	осн03
мелкий	вак, кечкенә	осн03
мелочь	вак, вак акча	осн03
морковь	кишер	осн03
мыть	ю-арга	осн03
мясо	ит	осн03
настроение	кәеф, хәл, күңел	осн03
начало	баш, башлангыч	осн03
нога	аяк	осн03
ножка	аяк	осн03
обязанность	бурыч, вазифа	осн03
овощи	яшелчә	осн03
огурец	кыяр	осн03
оказываться	булып чыг-арга, бул-ырга	осн03
опыт	тәҗрибә	осн03
опытный	тәҗрибәле	осн03
организация	оешма	осн03
организовать	оештыр-ырга	осн03
освободить	азат ит-әргә, чыгар-ырга	осн03
особый	аерым	осн03
ответ	җавап	осн03
ответственный	җаваплы	осн03
отдавать, отдать	кайтар-ырга, бир-ергә	осн03
отдел	бүлек	осн03
отделение	бүлү, бүлек	осн03
отдельный	аерым, кайбер	осн03
официальный	рәсми, официаль	осн03
оценка	бәя, билге	осн03
передать, передавать	бир-ергә, тапшыр-ырга	осн03
перец	борыч	осн03
поговорить	сөйләш-ергә	осн03
подать	бир-ергә, китер-ергә	осн03
подобрать	җыярга (җый-арга), ал-ырга	осн03
позже	соңрак	осн03
политический	сәяси	осн03
положение	торыш, хәл	осн03
получать	ал-ырга	осн03
получаться	бул-ырга	осн03
полученный	алынган	осн03
помощь	ярдәм	осн03
поработать	эшлә-ргә, эшләп ал-ырга	осн03
поручение	йомыш, вазифа	осн03
построить	кор-ырга, төзе-ргә	осн03
поступить	эшлә-ргә	осн03
предлагать	тәкъдим ит-әргә, бир-ергә	осн03
предложение	тәкъдим	осн03
представитель	вәкил	осн03
приносить	китер-ергә, ит-әргә	осн03
про (предлог)	турында	осн03
происхождение	чыгыш	осн03
просторный	киң, иркен	осн03
пятница	җомга	осн03
работать	эшлә-ргә, хезмәт ит-әргә	осн03
разговаривать	сөйләш-ергә	осн03
рассказать	сөйлә-ргә, хикәя ит-әргә	осн03
рассуждать	уйла-рга, сөйләш-ергә	осн03
растение	үсемлек, үлән	осн03
река	елга	осн03
руководитель	җитәкче, башлык	осн03
сахар	шикәр	осн03
свидание	күрешү, очрашу	осн03
сделать	эшлә-ргә, ит-әргә	осн03
сделаться	бул-ырга, барлыкка кил-ергә	осн03
сила	көч, куәт, хәл, дәрман	осн03
сложный	катлаулы	осн03
служить	хезмәт ит-әргә, эшлә-ргә	осн03
случаться	бул-ырга, туры кил-ергә	осн03
смелый —- кыю, батырсметана	каймак	осн03
снять	ал-ырга, төшер-ергә	осн03
собрание	җыелыш	осн03
совет	киңәш	осн03
согласиться	риза бул-ырга, килеш-ергә	осн03
соль	тоз	осн03
составить	төзе-ргә, яса-рга	осн03
состояние	хәл, торыш	осн03
состоять	тор-ырга, бул-ырга	осн03
состояться	бул-ырга	осн03
специалист	белгеч	осн03
становиться	бас-арга, бул-ырга, урнаш-ырга	осн03
старший	олы, югары, өлкән	осн03
строить	төзе-ргә	осн03
суббота	шимбә	осн03
сунуть	тыг-арга, сал-ырга	осн03
существовать	яшэә-ргә, бул-ырга	осн03
сыграть	уйна-рга, башкар-ырга	осн03
телёнок	бозау	осн03
течение	агым, юнәлеш	осн03
урожай	уңыш, муллык	осн03
успех	уңыш	осн03
успешный	уңышлы	осн03
участвовать	катнаш-ырга	осн03
хлеб	икмәк	осн03
хозяйство	хуҗалык	осн03
цена	бәя	осн03
часть	өлеш, кисәк, бүлек	осн03
четверг	пәнҗешәмбе	осн03
широкий	киң, иркен	осн03
юбка	итәк	осн03
юридический	юридик, хокукый	осн03
яблоко	алма	осн03
бабушка	әби, дәү әни	осн05
брат	абый, эне	осн05
быт	көнкүреш, тормыш	осн05
взрослый	олы, дәү, буйга җиткән	осн05
девушка	кыз, туташ	осн05
дед	бабай	осн05
дочь	кыз	осн05
дядя	абый	осн05
жена	хатын, хәләл җефет	осн05
жизнь	тормыш	осн05
замужем	кияүдә	осн05
мама	әни	осн05
мать	ана, әни	осн05
муж	ир	осн05
отец	әти	осн05
практика	практика, тормыш, гамәл	осн05
родной	туган, туып үскән	осн05
семья	гаилә	осн05
сестра	кыз кардәш, апа, сеңел	осн05
тётя	апа	осн05
аккуратно	пөхтә	осн06
аккуратный	пөхтә	осн06
безграмотный	надан	осн06
безответственный	җавапсыз	осн06
бесцельный	максатсыз	осн06
быстрый (о движении)	кызу, тиз	осн06
верный	тугры, тугрылыклы, чын	осн06
взнимательный	дикъкатьле, игътибарлы	осн06
вместе	бергә	осн06
внешний	тышкы	осн06
волевой	ихтыярлы	осн06
воспитанный	тәрбияле, тәрбияләнгән	осн06
вспыльчивый	кызу, кызу канлы, кызып китүчән	осн06
высокий (о росте человека)	озын, озын буйлы (кеше)	осн06
глаз	күз	осн06
горячо, горячий	кайнар	осн06
грубый	тупас, дорфа	осн06
грустный	күңелсез, ямансу, боек	осн06
грязный	пычрак	осн06
грязь	пычрак, баткак	осн06
губа	ирен	осн06
длина	озынлык, буй	осн06
длинный	озын	осн06
добрый	миһербанлы, шәфкатьле, мәрхәмәтле, игелекле	осн06
жадный	комсыз, саран	осн06
жаркий, жарко	кызу, эссе	осн06
жёлтый	сары	осн06
зелёный	яшел	осн06
злой	явыз, усал	осн06
изящный	нәфис	осн06
коричневый	көрән, коңгырт	осн06
короткий	кыска	осн06
красивый	матур, гүзәл, чибәр, күркәм	осн06
краткий	кыска	осн06
ласковый	ягымлы, сөйкемле	осн06
ленивый	ялкау	осн06
милый	сөйкемле, ягымлы	осн06
мирный	тыныч, дусларча	осн06
могучий	көчле, куәтле	осн06
мужественный	батыр, кыю, йөрәкле	осн06
надёжный	ышанычлы, өметле	осн06
нарядный	матур киенгән, матур	осн06
находчивый	тапкыр	осн06
невежественный	надан, белемсез	осн06
невольно	ихтыярсыз	осн06
невоспитанный	тәрбиясез	осн06
нежный	ягымлы, назльг	осн06
некрасивый	ямьсез	осн06
ненадёжный	ышанычсыз	осн06
нетерпеливый	түземсез	осн06
нос	борын	осн06
обыкновенный	гадәти, гади	осн06
одарённый	сәләтле	осн06
определённый	билгеле, ачык	осн06
опрятный	пөхтә, җыйнак	осн06
открытый (помещение и пр.)	ачык	осн06
парень	егет	осн06
полоса	тасма, буй	осн06
простой	гади, беркатлы	осн06
прочный	ышанычлы	осн06
раз	тапкыр	осн06
решительно	кыю, кискен	осн06
решительный	кыю, кискен	осн06
робкий	кыюсыз	осн06
ровно	тигез, төгәл	осн06
рот	авыз	осн06
рука	кул	осн06
рыжий	җирән, җирән чәчле	осн06
самостоятельный	бәйсез, мөстәкыйль	осн06
светлый	якты, ачык	осн06
седой	чал, агарган, аксыл	осн06
сердитый	ачулы, усал	осн06
серый	соры	осн06
сильно	каты, нык, көчле	осн06
сильный	көчле, нык, каты	осн06
синий	зәңгәр	осн06
скромный	тыйнак, гади	осн06
скучно	күңелсез, ямансу	осн06
скучный	күңелсез, эчпошыргыч	осн06
смело	кыю, гайрәтләнеп	осн06
спокойно	тыныч	осн06
спокойный	тыныч	осн06
способный	сәләтле, булдыклы	осн06
справедливый	гадел, намуслы	осн06
стройный	сылу, зифа	осн06
сухой	коры	осн06
творческий	иҗади	осн06
темно	караңгы	осн06
тёмный	караңгы	осн06
терпеливый	түземле, чыдам, сабыр	осн06
толстый	калын, юан	осн06
тонкий	юка, нәфис	осн06
точно	нәкъ, төгәл	осн06
угрюмо	күнелсез, караңгы	осн06
умный	акыллы, башлы	осн06
усердный	тырыш	осн06
чёрный	кара	осн06
честно	гадел, намус кушканча	осн06
честный	намуслы, гадел	осн06
шутник	мәзәкче, шаян	осн06
явный	ачык, шиксез	осн06
яркий	якты, яп-якты, ачык	осн06
ясный	якты, ачык	осн06
алый	ал, ачык кызыл	осн07
белый	ак	осн07
бок	ян, ян-як	осн07
бурый	көрән	осн07
верх	өс	осн07
гость	кунак	осн07
густой	куе	осн07
дверь	ишек	осн07
дом	йорт, өй	осн07
живот	эч, корсак	осн07
зад	арт	осн07
занавес	пәрдә	осн07
здание	бина, йорт	осн07
зеркало	көзге	осн07
какой	нинди	осн07
квартира	квартир, фатир	осн07
книга	китап	осн07
комната	бүлмә	осн07
красный	кызыл	осн07
левый	сул	осн07
наряд	кием	осн07
низ	ас, аскы өлеш	осн07
одежда	кием	осн07
окно	тәрәзә	осн07
окраина	чит, кырый	осн07
осенний	көзге	осн07
передовой	алгы, алдынгы	осн07
поверхность	өс, өслек	осн07
полка	шүрлек, киштә	осн07
помещение	бүлмә	осн07
приятно	рәхәт	осн07
розовый	ал	осн07
середина	урта, урталык	осн07
сон	йокы, төш	осн07
справа	уңнан, уң яктан, уңда	осн07
средний	урта, уртадагы	осн07
стол	өстәл, табын	осн07
стул	урындык, утыргыч	осн07
тыл	арт, тыл	осн07
угол	почмак	осн07
уголок	почмак	осн07
удовольствие	рәхәт	осн07
фиолетовый	шәмәхә	осн07
форма	форма; кием	осн07
холодильник	суыткыч	осн07
штора	пәрдә	осн07
электричество	электр	осн07
вдоль	буенча, буйлап	осн08
величественный	мәһабәт	осн08
видимо	күрәсең	осн08
влево	сулга	осн08
вправо	уңга, уң якка	осн08
дворец	сарай	осн08
доехать, доезжать	җит-әргә	осн08
древний	борынгы	осн08
знание	белем	осн08
исторический	тарихи	осн08
качественный	сыйфатлы	осн08
культура	мәдәният, культура	осн08
лезть	мен-әргә, үрмәләп мен-әргә	осн08
налево	сулга	осн08
направо	уңга, уң якка	осн08
настать, наступить	җит-әргә	осн08
научный	фәнни, гыйльми	осн08
национальность	милләт	осн08
национальный	милли	осн08
образование	мәгърифәт, мәгариф, белем	осн08
открываться	ачыл-ырга, башлан-ырга	осн08
открыться	ачыл-ырга, башлан-ырга	осн08
очевидно	күрәсең	осн08
падать (о давлении)	төш-әргә	осн08
памятник	һәйкәл, истәлек	осн08
перейти	чыг-арга, күч-әргэ	осн08
переходить	чыг-арга, күч-әргэ	осн08
площадь	мәйдан	осн08
повернуться	борыл-ырга	осн08
промышленность	промышленность, сәнәгать	осн08
прямо	туры, туп-туры	осн08
прямой	туры	осн08
сарай	сарай	осн08
сквозь	үтәли, аркылы, аша	осн08
сойти	төш-әргә, чыг-арга	осн08
спуститься	төш-әргә, аска төш-әргә	осн08
старинный	борынгы, күптәнге	осн08
столица	башкала, мәркәз	осн08
улица	урам	осн08
упасть	егыл-ырга, төш-әргә	осн08
учёба	уку, белем алу	осн08
учебный	уку, уку-укыту	осн08
учение	тәгълимат, уку	осн08
центр	үзәк, урта	осн08
центральный	үзәк, төп	осн08
через	аркылы, аша	осн08
атмосфера	атмосфера, һава	осн09
борьба	көрәш	осн09
весна	яз	осн09
весь	бөтен	осн09
воздух	һава	осн09
все, всё	бөтен, барлык, барча	осн09
дерево	агач	осн09
ждать	көт-әргә	осн09
земля	җир	осн09
земной	җир	осн09
зима	кыш	осн09
золото	алтын	осн09
золотой	алтын	осн09
конец	ахыр	осн09
конь	ат	осн09
копать	казы-рга	осн09
лес	урман	осн09
лето	җәй	осн09
лошадь	ат	осн09
местность	урын, җир	осн09
место	урын, җир, төш	осн09
мечта	хыял, уй	осн09
море	диңгез	осн09
мусор	чүп	осн09
надежда	өмет, ышаныч	осн09
ожидать	көт-әргә	осн09
осень	көз	осн09
подождать	көт-әргә	осн09
посадить	утырт-ырга	осн09
праздничный	бәйрәм	осн09
развивать	үстер-ергә, ныгыт-ырга	осн09
ряд	рәт, саф	осн09
сад	бакча, җимеш бакчасы	осн09
свежий (воздух)	саф	осн09
стрелять	ат-арга	осн09
успевать, успеть	җитеш-ергэ, өлгер-ергә	осн09
целый	бөтен	осн09
чистый	чиста, саф	осн09
юг	көньяк	осн09
южный	көньяктагы, көньяк	осн09
возможность	мөмкинлек	осн10
восток	шәрык, көнчыгыш	осн10
восхититься	соклан-ырга	осн10
впечатление	тәэсир	осн10
выбирать, выбрать	сайла-рга	осн10
выгода	файда	осн10
выучить	өйрән-ергә, ятла-рга	осн10
знакомиться	таныш-ырга	осн10
знакомый	таныш	осн10
зрение	күрү	осн10
избрать	сайла-рга	осн10
известный	таныш, билгеле	осн10
изучать	өйрән-ергә	осн10
история	тарих	осн10
любимый	яраткан, сөйгән, сөекле	осн10
любоваться	соклан-ырга	осн10
люди	кешеләр, халык	осн10
мероприятие	чара	осн10
мечтать	хыяллан-ырга, уйлан-ырга	осн10
народ	халык, кешеләр	осн10
научиться	өйрән-ергә	осн10
нельзя	ярамый	осн10
новый	яңа	осн10
обучаться	өйрән-ергә	осн10
пещера	мәгарә	осн10
питание	ашау, туклану	осн10
подобно	шикелле, кебек	осн10
познакомиться	таныш-ырга	осн10
польза	файда	осн10
постараться	тырыш-ырга	осн10
путёвка	путёвка, юллама	осн10
путешествие	сәяхәт	осн10
разучивать, разучить	ятла-рга, өйрән-ергә	осн10
север	төньяк	осн10
сердце	йөрәк, күңел, бәгырь	осн10
словно	кебек, әйтерсең, диярсең	осн10
собираться	җыел-ырга, җыен-ырга	осн10
собраться	җыел-ырга, җыен-ырга	осн10
согласный	риза	осн10
сразу	шунда ук, берьюлы	осн10
средство	чара	осн10
стараться	тырыш-ырга	осн10
странствие	сәяхәт, ил гизү	осн10
таинственный	серле	осн10
трудиться	эшлә-ргә, тырыш-ырга	осн10
уже	инде	осн10
учить (что-либо)	өйрән-ергә;	осн10
учиться	укы-рга, өйрән-ергә	осн10
активный	актив, эшлекле	повтор
вещь	әйбер, нәрсә	повтор
для	өчен	повтор
ещё	тагы, тагын	повтор
нечётный	так	повтор
опять	тагын	повтор
последний	соңгы	повтор
постель	урын, ятак	повтор
пространство	пространство, урын	повтор
ради	өчен	повтор
расположенный	урнашкан, урнаштырылган	повтор
ремонт	ремонт	повтор
свободный	азат, иркен	повтор
большой	зур	текст01
весть	хәбәр	текст01
вначале	башта	текст01
высоко	югары, биек	текст01
далёкий	ерак	текст01
далеко	ерак	текст01
долгий, долго	озак	текст01
дорога	юл	текст01
друг	дус	текст01
дружный	дус, тату	текст01
интересно	кызык	текст01
ключ	ачкыч	текст01
много	күп	текст01
наконец	ниһаять	текст01
начать, начинать	башла-рга, кереш-ергэ	текст01
немного	бераз, аз гына	текст01
новость	яңалык, яңа хәбәр	текст01
однажды	бервакыт	текст01
оставаться	кал-ырга	текст01
остановиться	тукта-рга, туктал-ырга	текст01
остаться	кал-ырга	текст01
очередь	чират	текст01
перестать	тукта-рга	текст01
приятель	дус	текст01
путь	юл	текст01
раньше	элегрәк, алда, башта	текст01
сведение	мәгълүмат, хәбәр	текст01
сначала	башта, яңабаштан	текст01
сообщение	хәбәр	текст01
сперва	элек, башта	текст01
способ	ысул, юл	текст01
строка	юл	текст01
так	шулай, болай	текст01
туда	шунда, тегендә	текст01
черёд	чират	текст01
широко	киң, зур	текст01
шутка	мәзәк, шаярту	текст01
вдруг	кинәт	текст02
внезапно	кинәт	текст02
вопрос	сорау	текст02
даром	бушка	текст02
желать	телә-ргә	текст02
знать	бел-ергә	текст02
каждый	һәр	текст02
конечно	әлбәттә	текст02
лжец	ялганчы, алдакчы	текст02
ложный	ялган...	текст02
ложь	ялган	текст02
неожиданно	көтмәгәндә, кинәт	текст02
нравиться	оша-рга	текст02
обязательно	һичшиксез, әлбәттә	текст02
отчего	нигә, ник	текст02
пожалуй	ахрысы; бугай	текст02
пожелать	телә-ргә	текст02
пол	идән	текст02
понравиться	оша-рга	текст02
просьба	сорау, үтенеч	текст02
разбитый	ватылган	текст02
разглядеть	таны-рга, бел-ергә	текст02
разумеется	билгеле, әлбәттә	текст02
резко	кинәт, кискен итеп	текст02
угадать	бел-ергә	текст02
уметь	бел-ергә	текст02
хотеть	телә-ргә	текст02
бродить	йөр-ергә	текст03
впоследствии	ахырда	текст03
выпустить	чыгар-ырга, җибәр-ергә	текст03
гулять	йөр-ергә	текст03
ездить	йөр-ергә	текст03
заблудиться	адаш-ырга	текст03
личный	шәхси, үз, зат	текст03
направить	юнәлт-ергә, җибәр-ергә	текст03
отпустить	җибәр-ергә	текст03
послать	җибәр-ергә	текст03
посылать	җибәр-ергә	текст03
прислать	җибәр-ергә	текст03
пускать	җибәр-ергә, керт-ергә	текст03
свой	үз, үзенең	текст03
ходить	йөр-ергә	текст03
бегло	йөгерек, тиз	текст04
бояться	курк-ырга	текст04
вслед	артыннан	текст04
едва	көчкә	текст04
железо, железный	тимер	текст04
забор	койма	текст04
испугаться	курк-ырга	текст04
куст	куак	текст04
лиственница	карагач	текст04
назад	кире, артка	текст04
несколько	берничә	текст04
никто	һичкем, беркем	текст04
переулок	тыкрык	текст04
пешком	җәяү	текст04
пожалуйста	зинһар, ... әле (бирегез әле), ...-че (бирегезче)	текст04
прыгать	сикер-ергә	текст04
сзади	арттан, артта	текст04
скорее	тизрәк, җәһәтрәк	текст04
скоро	тиз, җәһәт, тиздән	текст04
скорый	тиз, тиз йөрешле	текст04
шаг	адым	текст04
беречь	сакла-рга	текст05
волк	бүре	текст05
гнездо	оя	текст05
голодный	ач	текст05
двор	ишегалды	текст05
дорогой (0 человеке)	кадерле	текст05
если	әгәр	текст05
защитить	сакла-рга, якла-рга	текст05
лысина	пеләш	текст05
лысый	пеләш башлы, пеләш	текст05
маленький	кечкенә, бәләкәй, нәни	текст05
небольшой	зур түгел, кечкенә	текст05
оберегать	сакла-рга	текст05
обратно	кире	текст05
обратный	кире	текст05
охранять	сакла-рга	текст05
свобода	ирек, азатлык, хөрлек	текст05
след	эз	текст05
смочь	булдыр-ырга	текст05
собака	эт	текст05
создать	булдыр-ырга, төзе-ргә, тудыр-ырга	текст05
сытый	тук	текст05
хозяин	хуҗа, ия	текст05
хранить	сакла-рга	текст05
цепь	чылбыр, богау	текст05
велух	кычкырып	текст06
вот	менә, әнә	текст06
капля	тамчы	текст06
касаться	кагыл-ырга	текст06
лечить	дәвала-рга	текст06
обнять	кочакла-рга	текст06
озеро	күл	текст06
радостно	шатланып, сөенеп	текст06
радость	шатлык, куаныч	текст06
ребёнок	бала, нарасый	текст06
смущённо	оялып, уңайсызланып	текст06
странно	гаҗәп хәл, сәер	текст06
странный	гаҗәп, сәер	текст06
тронуть	тияргә (ти(й)-әргә), кагыл-ырга	текст06
бросать, бросить	ташла-рга	текст07
вверх	өскә	текст07
вернуть	кайтар-ырга	текст07
выбросить	ташла-рга	текст07
каменный	таш	текст07
камень	таш	текст07
мешок	капчык	текст07
наверх	өскә	текст07
проснуться	уян-ырга	текст07
былой	булган	текст08
взнизу	аста, астында, түбәндә	текст08
встретить, встречать (случайно)	очрат-ырга	текст08
данный	әлеге, бу	текст08
нижний	түбәнге, аскы	текст08
протянуть	суз-арга	текст08
сам	үзем, үзең, үзе	текст08
скрыться	яшерен-ергэ, кач-арга, күздән югал-ырга	текст08
спрятаться	яшерен-ергә, кач-арга	текст08
сторона	як, чит, тараф	текст08
товарищ	иптәш	текст08
убегать	йөгер-ергә, кач-арга	текст08
убежать	йөгер-ергә, кач-арга	текст08
чужой	чит, ят	текст08
беда	бәла, бәхетсезлек	текст09
богатый	бай	текст09
вскоре	тиздән	текст09
вызывать, вызвать	чакыр-ырга, чакырып ал-ырга	текст09
гнев	ачу	текст09
жалеть	кызган-ырга, жәллә-ргә	текст09
житель	торучы, яшәүче	текст09
звать	чакыр-ырга	текст09
красить	буя-рга	текст09
крепкий	нык, таза	текст09
позвать	чакыр-ырга	текст09
пригласить	чакыр-ырга	текст09
прочно	нык, какшамаслык итеп	текст09
твёрдо	нык, катгый	текст09
тщательно	ныклап, нык	текст09
хвалить	макта-рга	текст09
художник	рәссам, художник	текст09
велеть	куш-арга	текст10
верно	дөрес	текст10
гостеприимный	кунакчыл	текст10
запах	ис	текст10
коробка	кап	текст10
моряк	моряк, диңгезче	текст10
нравы	гадәтләр	текст10
подарок	бүләк	текст10
понимать	аңла-рга	текст10
понять	аңла-рга, төшен-ергә	текст10
правда	дөрес, чыннан да	текст10
правильно	дөрес	текст10
правильный	дөрес	текст10
премия	премия, бүләк	текст10
приказать	приказ (боерык) бир-ергә, куш-арга	текст10
разный	төрле	текст10
разобраться	аңла-рга, ачыкла-рга	текст10
тарелка	тәлинкә	текст10
точный	төгәл, дөрес	текст10
увидеть	күр-ергә, аңла-рга, бел-ергә	текст10
чай	чәй	текст10
абрикос	өрек	
азбука	әлифба	
аист	ләкләк	
актуальный	актуаль	
аплодировать	алкышла-рга	
аплодисменты	алкышлар	
арбуз	карбыз	
аромат	хуш ис	
астра	кашкарый	
атака	атака, һөҗүм	
атаковать	атака яса-рга, һөҗүм ит-әргә	
атмосферное давление	атмосфера басымы	
бабочка	күбәләк	
багровый	куе кызыл	
балка	өрлек, матча	
баня	мунча	
баран	тәкә	
баранина	сарык ите	
бархат	бәрхет, хәтфә	
басня	мәсәл	
батон	күмәч, батон	
башня Сююмбике	Сеембикэ манарасы	
башня	манара	
баянист	баянчы	
бег	йөгереш	
бегать, бежать	йөгер-ергә	
бегом	нареч. йөгереп, тиз-тиз	
бегун	йөгерешче	
бедность	ярлылык, фәкыйрьлек	
бедный	ярлы, фәкыйрь	
бедняга	мескен	
бедро	бот	
беж (цвет)	аксыл-көрән	
без предлог	1) ...-дан/-дән, -нан/-нән башка (сездән башка — без вас); 2) ..-сыз/-сез (тозсыз — без соли, несолёный)	
безвредный	зарарсыз, зыянсыз	
безграничный	чиксез	
безжалостный	рәхимсез, шәфкатьсез	
беззаботный	гамьсез	
безнадёжный	өметсез	
безнравственный	әхлаксыз, оятсыз	
безоблачный	болытсыз	
безобразие	тәртипсезлек	
безопасность	хәвефсезлек	
безопасный	хәвефсез	
безоружный	коралсыз	
безработица	эшсезлек	
безрезультатный	нәтиҗәсез	
безукоризненный	кимчелексез	
безумие	акылсызлык	
безусловно	һичшиксез	
белка	тиен	
белок (биол.)	аксым	
белок (глаза)	күз агы	
белок (яйца)	йомырка агы	
бельё (нижнее)	эчке кием	
бельё (постельное)	урын-җир әйберләре	
бельё (столовое)	тастымал-ашъяулык	
берег	яр, су буе	
бережливый	сакчыл, хәстәрле	
берёза	каен	
беременная	йөкле, авырлы	
беременность	йөклелек	
беседа	әңгәмә	
бесконечный	чиксез	
бескорыстный	риясыз	
бесплатный	түләүсез	
бесплодный (о животных)	кысыр	
бесплодный (о земле)	уңдырышсыз	
бесплодный (о растениях)	үрчемсез	
беспокойный	тынычсыз, борчулы	
беспокойство (беспокойство кого-лчбо)	борчу (Извините за беспокойство! — Борчуым өчен гафу итегез!)	
беспокойство (состояние)	тынычсызлык, борчылу	
бесполезный	файдасыз	
беспорядок	тәртипсезлек	
бесследно	эзсез	
бессмертие	үлемсезлек	
бессмысленный	мәгънәсез	
бессовестный	намуссыз, оятсыз	
бессознательный	аңсыз	
бессонница	йокысызлык	
бесстрашный	куркусыз, батыр	
бестактный	әдәпсез	
бестолковый	мәгънәсез	
бесхозяйственность	хуҗасызлык	
бесцветный	төссез	
бесчисленный	исәпсез-хисапсыз, бихисап	
бесшумный	тавышсыз	
бешенство	шашыну, котырыну	
битва	сугыш	
бить (кого)	кыйна-рга	
бить (о пульсе, о сердце)	тиб-әргә	
бить (о часах)	суг-арга	
бить (что)	ват-арга	
биться	сугыш-ырга, кыйнаш-ырга	
благодарить	рәхмәт әйт-ергә	
благополучие (обеспеченность)	муллык, мул тормыш	
благополучие (спокойная жизнь)	иминлек	
благородный	намуслы	
бледнеть	агарын-ырга	
бледный	агарынган	
блеск	ялтырау, чагылыш	
блестеть	ялтыра-рга	
блестящий	ялтыравыклы	
ближайший	иң якын	
ближе	якынрак	
ближний	якын	
близкий	якын	
близко	якында	
близнецы	игезәкләр	
блины	коймак	
блондин	аксыл-сары чәчле кеше	
блюдо (кушанье)	ашамлык, ризык	
блюдо (посуда)	савыт, зур тәлинкә	
блюдце	чәй тәлинкәсе	
бобы	ногыт борчагы	
Бог	Аллаһ, Ходай, Хода, Тәңре	
богатеть	бае-рга	
богатство	байлык, муллык	
богиня	алиһә	
бодрость	күңел күтәренкелеге	
бодрый	шат күңелле, дәртле	
боец	сугышчы	
бой	сугыш	
боковой	яндагы, ян-яктагы, кырыйдагы	
боком	ян белән	
болезнь	авыру	
болеть	авыр-ырга, сызла-рга	
болото	саз, сазлык	
боль	авырту, сызлау	
больница	хастаханә	
больно	авырта	
больной	авыру кеше	
больше	зуррак	
большинство	күпчелек	
бордовый	куе кызыл, чия кызыл	
борец	көрәшче	
бормотать	мыгырда-рга	
борода	сакал	
бороться	көрәш-ергә	
босиком	яланаяк	
ботинки	ботинка(лар)	
браво	афәрин	
брак (супружество)	никах, өйләнешү	
бревно	бүрәнә	
бред	саташу	
брезгливый	җирәнүчән	
бриться	кырын-ырга	
бровь	каш	
броситься	ташлан-ырга	
брусника	нарат җиләге	
брызгать	чәчрәт-ергә	
брюнет	кара чәчле кеше	
будни	эш көннәре	
будто	гүя, әйтерсең	
будущий	киләчәк	
буква	хәреф	
булка	күмәч	
бульон	шулпа, ит шулпасы	
бумага	кәгазь	
бумажный	кәгазь	
бурный	давыллы	
буря	давыл	
бусы	муенса	
бутылка	шешә	
бык	үгез	
быстрый (о человеке)	җитез, җәһәт, өлгер	
важно	мөһим, әһәмиятле	
важный	мөһим, әһәмиятле	
варежки	бияләй	
варёный	пешкән	
варить	пешер-ергә	
вата	мамык	
вбежать	йөгереп кер-ергә	
вброд	су ерып	
введение	кереш	
ввести	керт-ергә	
ввысь	күккә таба	
вглубь	эчкә таба	
вдалеке	еракта	
вдаль	еракка	
вдобавок	өстәвенә	
вдова	тол хатын	
вдоволь	туйганчы	
вдох	сулыш алу	
вдохновение	илһам	
вдохновляться	илһамлан-ырга	
вегетарианец	вегетариан	
ведро	чиләк	
ведущий	эйдәүче	
ведь	бит, ич, ләбаса	
вежливый	әдәпле, ихтирамлы	
везде	һәркайда	
везти	алып бар-ырга	
век	гасыр	
великий	бөек	
величина	зурлык	
веник	себерке	
вера	ышану	
верба	песиле тал	
верблюд	дөя	
верёвка	бау	
верить	ышан-ырга, инан-ырга	
вероятно	мөгаен	
вертеть	әйләндер-ергә	
верующий	диндар	
верхний	өске	
верховой	атланып йөри торган	
верхом	атка атланып	
вес	авырлык	
весенний	язгы	
весной	язын, яз көне, язда	
веснушки	сипкел	
вести	алып бар-ырга	
весы	үлчәү	
ветвь	ботак, тармак	
ветер	җил	
ветка	ботак, тармак	
вечером	кичен, кич белән	
вечный	мәңгелек	
вешалка	элгеч	
взамен	алмашка	
взвешивать	үлчә-ргә	
взволнованный	дулкынланган	
взгляд	караш	
вздохнуть	сула-рга	
вздрогнуть	сискәнеп кит-әргә	
взникать	төшен-ергә	
взрыв	шартлау	
взяться	тотын-ырга	
вид	күренеш	
виднеться	күрен-ергә	
видно	күренә	
видный	күренекле	
визг	чинау	
визжать	чина-рга	
вилка	чәнечке	
вина	гаеп	
винить	гаеплә-ргә	
вино	шәраб	
виноватый	гаепле	
висеть	эленеп тор-ырга	
висок	чигә	
високосный (год)	кәбисә (ел)	
вкратце	кыскача	
вкус (ощущение во рту и свойство пищи)	тәм	
вкус (чувство красивого)	зәвык	
влажность	дымлылык	
власть	власть, хакимлек, хакимият	
влетать	очып кер-ергә	
влечение	теләк	
влияние	йогынты	
влюбиться	гашыйк бул-ырга	
влюблённый	гашыйк	
вместо	... урынына	
вмешательство	тыгылу, кысылу	
вмешаться	тыгыл-ырга	
внести	керт-ергә	
внешне	тышкы яктан	
вниз	аска	
вновь	яңадан	
внук	онык	
внутренний	эчке	
внутри здания	бина эчендә	
внутри	эчтә (внутри здания — бина эчендә)	
внутрь	эчкэ	
внушать	күңеленә сал-ырга	
вовсе	бөтенләй, һич тә	
во-вторых	икенчедән	
водитель	машина йөртүче, шофёр	
водить	йөрт-ергә	
водопровод	суүткәргеч	
водоросли	суүсемнәр	
воевать	сугыш-ырга	
военнообязанный	хәрби хезмәт үтәргә тиешле кеше	
военнослужащий	хәрби хезмәткәр	
военный	хәрби кеше	
вожжи	дилбегә	
воз	йөк	
возвращать	кире кайтар-ырга	
возвышенность	калкулык	
возглавить	җитәклә-ргә	
воздействие	йогынты	
возделывать	эшкәрт-ергә	
воздержаться	тыел-ырга	
воздушный	һава ...-ы /-е,-сы/-се	
возиться	азаплан-ырга	
возле	янында	
возможно	бәлки	
возможный	мөмкин	
вознаградить	бүләклә-ргә	
возникнуть	килеп чыг-арга	
возобновить	яңадан башла-рга	
возражение	каршы әйтү	
возразить, возражать	каршы эйт-ергә	
возрождение	яңару, яңарыш (эпоха Возрождения — Яңарыш чоры)	
воин	сугышчы	
война	сугыш	
войско	гаскәр	
вокруг	тирә-юньдә, тирәсендә	
волна	дулкын	
волнение	дулкынлану	
волнистый	дулкынлы, дулкынланып торган	
волновать	дулкынландыр-ырга	
волноваться	дулкынлан-ырга	
волнующий	дулкынландыргыч	
волокно	сүс	
волосы (на голове)	чәч	
волосы (на теле)	йон	
волшебник	тылсымчы	
волшебный	тылсымлы	
волшебство	тылсым	
вольный	ирекле	
воля	ихтыяр	
воображение	күз алдына китерү	
вообще	гомумән	
воодушевить	рухландыр-ырга	
во-первых	беренчедән	
вопросительный	сорау ...-ы/-е, -сы/-се	
вор	карак	
воробей	чыпчык	
воровать	урла-рга	
ворон	козгын	
ворона	карга	
ворота	капка	
воротник	яка	
ворчать	мыгырда-рга	
воск	балавыз	
воскликнуть	кычкырып җибәр-ергә	
воспаление	ялкынсыну	
воспитание	тәрбия	
воспитатель	тәрбияче	
воспитывать	тәрбиялә-ргә	
воспользоваться	файдалан-ырга	
воспоминание	истәлек, хатирә	
восторг	зур шатлык	
впервые	беренче тапкыр	
вперёд	алга	
впереди	алда	
вплавь	йөзеп	
вполне	тулысынча	
впускать	керт-ергә	
враг	дошман	
врач	табиб	
вред	зыян	
временный	вакытлы	
всадник	җайдак	
всего	барысы, бөтенесе	
всемирный	бөтендөнья	
всё-таки	шулай да	
вскипеть	кайна-рга, кайнап чыг-арга	
вскочить	сикереп мен-әргә	
вспомнить, вспоминать	искә төшер-ергә, хәтергә төшер-ергә	
вспыхнуть	кабын-ырга	
встать (в очередь)	(чиратка) бас-арга	
встать	тор-ырга	
встретить, встречать (специально)	каршыла-рга, каршы ал-ырга	
вступительное (слово)	кереш (сүз)	
вступительный (экзамен)	керү (имтиханы)	
всюду	һәркайда	
всякий	һәрбер	
вторичный	икенчел	
в-третьих	өченчедән	
вуз	вуз (югары уку йорты)	
вход	керү	
входной	керә торган, керү (юлы)	
выбежать	йөгереп чыг-арга	
выбор	сайлау	
выборы	сайлау	
вывихнуть	каймыктыр-ырга	
вывод	нәтиҗә	
выглядеть	күрен-ергә	
выгнать	куып чыгар-ырга	
выгрузить	бушат-ырга	
выдающийся	күренекле	
выделить	аер-ырга	
выдержать	чыда-рга	
выдержка	чыдамлык, түземлек	
выдумать	уйлап чыгар-ырга	
выехать	чыгып кит-әргә	
выздоравливать	тазар-ырга, сәламәтлән-ергә	
вызов	чакыру	
выигрыш	отыш	
выйти замуж	кияүгә чыг-арга	
выйти	чыг-арга, чыгып кит-әргә	
выключить	сүндер-ергә	
выкуп	түләп алу	
вылить	түг-әргә	
выносливый	чыдам	
вынудить	мәҗбүр ит-әргә	
выполнение	үтәү	
выполненный	үтәлгән	
выполнить, выполнять	үтә-ргә	
выпуск	чыгарылыш	
выпускной	чыгарылыш, чыгара торган	
выражение	әйтү, белдерү (устойчивое выражение — гыйбарә, эйтем)	
выразить	әйт-ергә, белдер-ергә	
вырасти	үсеп чыг-арга, үсеп җит-әргә	
вырвать	тартып ал-ырга	
вырезать	кисеп ал-ырга	
высадить	төшер-ергә	
выскочить	сикереп чыг-арга	
высокий (о высоте зданий, деревьев, гор и пр.)	биек (таулар)	
высокий (о голосе)	нечкә (тавыш)	
высокий (о показателе, качестве)	югары (өлгереш)	
высококачественный	югары сыйфатлы	
высосать	суырып бетер-ергә	
высота	биеклек, югарылык	
высохнуть	киб-әргә, кибеп бет-әргә	
выспаться	туйганчы йокла-рга	
выставка	күргәзмә	
выстрел	ату тавышы	
выступить	чыгыш яса-рга	
высушить	киптер-ергә	
вытащить	алып чыг-арга, тартып чыгар-ырга	
выходить	тәрбияләп үстер-ергә	
вычисление	хисаплап чыгару	
вычислительный	хисаплау	
вычислять	хисаплап чыгар-ырга	
выше	югарырак	
вышивка	чигеш, чиккән бизәк	
вышитый	чигүле, чигелгән	
вышить, вышивать	чиг-әргә	
выяснять	ачыкла-рга	
вязаный	бәйләнгән	
вязать	бәйлә-ргә	
вянуть	сул-ырга, шиң-әргә	
гадалка	багучы	
гадать	баг-арга	
гармонь	гармун	
гасить	сүндер-ергә	
гаснуть	сүн-әргә	
гвоздика	канәфер	
гвоздь	кадак	
гибкий	сыгылмалы	
гибнуть	һәлак булырга	
гигантский	гадәттән тыш зур	
глава (руководитель)	башлык, җитәкче	
главный	төп, иң мөһим	
глагол	фигыль	
гладить (рукой)	сыйпа-рга	
гладить (утюгом)	үтүклә-ргә	
гладить	1) (рукой) сыйпа-рга; 2) (утюгом) үтүклә-ргә	
глотать, глотнуть	йот-арга	
глотка	йоткылык	
глохнуть (о моторе)	сүн-әргә	
глохнуть (о человеке)	чукраклан-ырга	
глубина	тирәнлек	
глубокий	тирән	
глубоко	тирән, тирәндә	
глупость	ахмаклык	
глупый	ахмак	
глухой	чукрак	
гнать	ку-арга	
гневный	ачулы	
гнилой	черек	
гной	үлек	
гнуть	бөг-әргә	
говорить (в монологе)	сөйлә-ргә	
говядина	сыер ите	
годный	яраклы	
годовщина	еллык	
голень	балтыр	
головокружение	баш әйләнү	
гололёд	бозлавык	
голос	тавыш	
голубика	күк җиләк	
голубой	күк, зәңгәрсу	
голубь	күгәрчен	
голый	ялангач	
гонка	узыш	
гонщик	узышчы, ярышчы	
гора	тау	
гораздо	күпкә, шактый	
горб	бөкре	
гордиться	горурлан-ырга	
гордость	горурлык	
гордый	горур	
горе	кайгы	
гореть	ян-арга	
горизонт	офык, горизонт	
горло	тамак, бугаз	
горный	тау ...-ы/-е, ...-сы/-се	
город	шәһәр, кала	
городской	шәһәр ...-ы/-е, -сы/-се	
горсть	уч	
горький	ачы	
горящий	янып торган	
гостиница	кунакханә	
гостить	кунак бул-ырга	
государственный	дәүләт (государственный герб — дәүләт гербы)	
государство	дәүләт	
готовность	әзерлек	
град	боз	
грамотность	укый-яза белү	
грамотный	укый-яза белүче, белемле	
граница	чик	
греть	җылыт-ырга	
греться	җылын-ырга	
грецкий орех	әстерхан чикләвеге	
гречиха	карабодай	
гречневая каша	карабодай боткасы	
гриб	гөмбә	
гроза	яшенле яңгыр	
гроздь	тәлгәш	
громкий	каты	
грубость	тупаслык	
грудь	күкрәк, түш	
груз	йөк	
грустить	ямансула-рга	
губы	иреннәр	
гусь	каз	
да	эйе	
давление	басым	
давно	күптән	
даже	хәтта	
дальнейший	алдагы	
дальновидный	алдан күрүчән	
дальше	ераграк	
двигать	күчер-ергә	
движение	хәрәкәт	
двоюродный	туганнан туган	
девочка	кыз бала	
дежурить	дежур (кизү) тор-ырга	
дежурный	дежур торучы, кизү	
действие	хәрәкәт	
действительно	чынлап	
деловой, деловитый	эшлекле, булдыклы	
деньги	акча	
деревня	авыл	
держать	тот-арга	
дёрнуть, дёргать	тарт-ырга	
дёсны	уртлар	
дети	балалар	
детский сад	балалар бакчасы	
детство	балачак	
дикий	кыргый	
дисциплина	тәртип, дисциплина	
длительность	озынлык	
дневник	көндәлек	
дно	төп	
до	...-га кадәр (хәтле, чаклы, тикле) (урманга кадәр — до леса)	
добавить	өстә-ргә	
добраться	барып җит-әргә	
добро	яхшылык, изгелек	
доброжелательный	дустанә	
добротный	яхшы сыйфатлы	
доверие	ышану, ышаныч	
довести, доводить, довезти, довозить	җиткер-ергә	
догадка	сиземләү, чамалау	
догадываться, догадаться	сиземлә-ргә, чамала-рга	
догнать	куып җит-әргә	
дождливый	яңгырлы	
долг	бурыч	
должен	тиеш	
долина	үзән	
доля	өлеш	
дорогой (о товаре)	кыйммәтле, кыйбатлы	
дорожать	кыйммәтлән-ергә	
дорожить	кадерен бел-ергә	
доска	такта	
достаток	муллык	
достигать	иреш-ергә	
достопримечательность	истәлекле урын	
досуг	ял сәгате, буш вакыт	
доход	керем, табыш	
дрова	утын	
дрожать	калтыра-рга	
дрожжи	чүпрә	
дружба	дуслык	
дружить	дус бул-ырга	
дуб	имән	
дурак	юләр, тиле	
духи	ислемай, хушбуй	
духовная жизнь	рухи тормыш	
духовное лицо	дин әһеле	
душа	җан, рух	
душистый	хуш исле	
душно	тынчу, бөркү	
дым	төтен	
дыня	кавын	
дыра	ярык	
дырка	тишек	
дыхание	сулыш	
дышать	сулыш ал-ырга	
единственный	бердәнбер	
единство	бердәмлек	
единый	бердәм	
ёж	керпе	
ежевика	кара бөрлегән	
ежегодно	ел саен, һәр елны	
ежегодный	ел саен була торган, еллык	
ежедневно	көн саен, һәр көнне	
ежедневный	көндәлек, көн саен була торган	
еженедельно	атна саен	
еженедельный	атна саен була торган	
еле, еле-еле	көчкә генә, көчкә-көчкә	
елой	катлам, катлау	
ель	чыршы	
есть (кушать)	аша-рга	
жаворонок	тургай	
жалкий, жалко	кызганыч	
жаловаться	зарлан-ырга	
жаль	кызганыч	
жара	эсселек	
жареный	кыздырылган	
жаркое	куырма, куырдак	
жевать	чәйнә-ргә	
желание	теләк, дәрт	
железнодорожный	тимер юл	
желудок	ашказаны	
жемчуг	энҗе	
жениться	өйлән-ергә, никахлаш-ырга	
жених	кияү егете	
женский (день)	хатын-кызлар (көне)	
женщина	хатын-кыз	
жест	ишарә, ым	
жёсткий	каты	
жестокий	рәхимсез, шәфкатьсез	
жестокость	рәхимсезлек, шәфкатьсезлек	
жечь	яндыр-ырга	
живопись	рәсем сәнгате	
животное	хайван	
жидкий	сыек	
жизненный (опыт)	тормыш (тәҗрибәсе)	
забить	кагып керт-ергә	
заболевание	авыру, чир	
заболеть	авыр-ырга	
забота	кайгырту	
заботливый	кайгыртучан	
забыть	оныт-ырга	
завершать	тәмамла-рга, төгәллә-ргә	
завести	алып кер-ергә	
завещание	васыять	
завидовать	көнләш-ергә	
зависеть	бәйле бул-ырга	
завистливый	көнче	
зависть	көнчелек, кызыгу	
завоевать	яулап (сугышып) ал-ырга	
завтрак	иртәнге аш	
завтрашний	иртәгәге	
загадка	табышмак	
заглавие	исем	
заговорить	сөйли башла-рга	
загонять	куып керт-ергә	
загорать	кояшта кызын-ырга	
загораться	яна башла-рга	
загородный	шәһәр читендәге	
задание	бирем	
задача	мәсьәлә, бурыч	
задержать	тоткарла-рга	
задний	арткы	
задуматься	уйлан-ырга	
задумчиво	уйланып, уйчан	
зажечь	кабыз-ырга	
закаляться	чыныг-ырга	
заканчивать	бетер-ергә, тәмамла-рга	
закат	шәфәкъ, кояш баешы	
заключение	йомгак	
законный	законлы	
закономерность	закончалык	
закончить	бетер-ергә	
закопать	күм-әргә	
закричать	кычкырып җибәр-ергә	
закрытый	ябык	
закрыть	яб-арга	
закурить	тарта башла-рга	
залив	култык	
замена	алыштыру	
заменить	алмаштыр-ырга	
замерзать	туң-арга	
заместитель	урынбасар	
заметный	күренеп тора торган	
замечание	кисәтү	
замечательный	искиткеч, бик яхшы	
замечать, заметить	күреп ал-ырга, игътибар ит-әргә	
замкнутый	йомыкый, аралашмаучан	
замолчать	тын-арга, сөйләүдән тукта-рга	
заморозки	кырау	
занимать деньги	бурычка акча ал-ырга	
заниматься	шөгыльлән-ергә	
занятие	дәрес, шөгыль	
западный	көнбатыш(тагы)	
западня	тозак	
запевала	башлап җырлаучы	
запеть	җырлый башла-рга	
записать	язып ал-ырга, яздыр-ырга (дискка)	
записка	язу	
заповедник	тыюлык	
запомнить	истә калдыр-ырга	
запрет	тыю	
запретить	тыярга (тый-арга)	
запруда	буа	
запястье	беләзек сөяге	
запятая	өтер	
заранее	алдан	
заросли	куаклык	
зарплата	эш хакы, хезмәт хакы	
зарубежный (фильм)	чит ил (фильм-ы)	
заря	таң	
заседание	утырыш	
заслуженный	атказанган	
засмеяться	көлеп җибәр-ергә	
заснуть	йокыга кит-әргә	
заставить	мәҗбүр ит-әргә	
застать	туры китер-ергә	
застенчивый	оялчан	
засунуть	тыг-арга	
затылок	баш арты	
защита	саклау, яклау	
заявить	белдер-ергә	
заявление	гариза	
заяц	куян	
звание	исем	
звезда	йолдыз	
зверь	ерткыч	
звонить	шалтырат-ырга	
звонок	звонок, кыңгырау	
звук	аваз	
звучать	яңгыра-рга	
здесь	монда	
здешний	мондагы	
здороваться	исәнләш-ергә	
здоровье	саулык, сәламәтлек	
здравствовать	исән бул-ырга	
зеленеть	яшеллән-ергә	
земляк	якташ	
зерно	бөртек, ашлык	
зимний	кышкы	
зимой	кышын, кыш көне	
зло	явызлык, яманлык	
змея	елан	
знак	билге	
знакомить	таныштыр-ырга	
знаменитый	атаклы	
знамя	байрак	
значит	димәк	
значить	аңлат-ырга	
зной	эсселек	
зодчество	төзелеш сәнгат-е	
зола	көл	
зоркий	үткен күзле	
зрелище	тамаша	
зритель	тамашачы	
зря	юкка, заяга, тиктомалга	
ива	тал	
игла	энә, инә	
игра	уен	
играть	уйна-рга	
игрушка	уенчык	
известно	билгеле	
Извините за беспокойство!	Борчуым өчен гафу итегез!	
извинить	гафу ит-әргә	
извиниться	гафу үтен-ергә	
издалека	ерактан	
изжога	сару, сару кайнау	
измена	хыянәт	
измениться	үзгәр-ергә	
изображать	сурәтлә-ргә	
икра (чёрная)	(кара) уылдык	
икры	балтырлар	
имение	утар	
иметь	ия бул-ырга	
имущество	мөлкәт	
имя	исем	
иначе	башкача	
индюк	күркә	
иней	бәс	
иностранец	чит ил кеше-се	
иностранный	чит ил ...-ы /-е,-сы/-се	
инструмент	корал	
интеллигентный	зыялы, укымышлы	
интерес	кызыксыну	
интересный	кызыклы	
искать	эзлә-ргә	
ископаемые	казылмалар	
искра	очкын	
искренний	ихлас, эчкерсез	
искусный	оста	
искусственный	ясалма	
испечь	пешер-ергә	
испытание	сынау	
исходный	башлангыч	
исцарапать	тырнап бетер-ергә	
исчезнуть	бет-әргә, юкка чыг-арга	
итог	йомгак, нәтиҗә	
итого	барлыгы	
казаться	күрен-ергә	
как-нибудь	ничек булса да	
какой-либо	нинди дә булса	
как-то	ничектер	
калина	балан	
капитальный	капиталь, нигезле	
капуста	кәбестә	
карман	кесә	
карта	карта	
картина	рәсем, картина	
качели	таган	
качество	сыйфат	
кашель	ютәл	
квадратный	квадрат	
кинуть	ыргыт-ырга	
кинуться	ташлан-ырга	
кишечник	эчәклек	
клад	хәзинә	
кладбище	зират	
классический	классик	
класть (на поверхность)	куярга (куй-арга)	
клеить	ябыштыр-ырга	
клён	өрәңге	
клетка (биол.)	күзәнәк	
клетка (закрытое со всех сторон сооружение, ограничивающее свободу)	читлек	
клетка (квадрат)	шакмак	
клещ	талпан, урман бете	
клубника	җир җиләге	
клюква	мүк җиләге	
ключица	умрау сөяге	
клясться	ант ит-әргә	
книжный	китап ...-ы/-е, -сы/се	
коварный	мәкерле, эчкерле	
ковёр	келәм, палас	
когда-либо	кайчан да булса	
кое-где	кайбер җирдә	
кое-как	көчкә-көчкә	
кое-кто	берәү, кайберәүләр	
кое-куда	каядыр	
кое-что	нидер, нәрсәдер	
кожа (материал)	күн	
кожа	тире	
коза	кәҗә	
колено	тез	
колесо	көпчәк, тәгәрмәч	
количество	сан	
колодец	кое	
колос	башак	
комар	черки, озынборын	
комбинированный	катнаш	
конечности	кул-аяклар	
конечный	ахыргы	
конный (завод)	ат (завод-ы)	
контрольный	контроль	
конфета	конфет	
кончить	бетер-ергә	
коньки (конёк)	тимераяк	
конькобежец	тимераякта йөгерүче	
координаты	координаталар	
копейка	тиен	
копить	җыярга (Җый-арга), тупла-рга	
корень	тамыр	
кормить	ашат-ырга	
корона	таҗ	
коротко	кыска итеп	
костёр	учак	
кость	сөяк	
кот	песи, ата мәче	
котёнок	песи (мәче) баласы	
котлета	котлет	
кошка	песи, ана мәче	
краеведение	туган якны өйрәнү	
краеведческий (музей)	туган якны өйрәнү (музее)	
крайний	кырыйдагы	
крапива	кычыткан	
краснеть	кызар-ырга	
красноречивый	оста телле	
красота	матурлык	
крашеный	буялган	
кривой	кәкре	
крик	кычкыру тавыш-ы	
критика	тәнкыйть	
кричать	кычкыр-ырга	
кровать	карават	
кровь	кан	
кролик	йорт куян-ы	
круглый	түгәрәк	
кружево	челтәр	
крупа	ярма	
крутой	текә	
крыло	канат	
крыльцо	болдыр, ишек төбе	
крыса	күсе	
крыша	түбә	
крюк	ыргак, элгеч	
кто-либо	кем дә булса	
кто-то	кемдер	
куда-то	кая да булса, каядыр	
кукла	курчак	
кукушка	күке	
кулак	йодрык	
купаться	су коен-ырга	
купить	сатып ал-ырга	
курить	тарт-ырга	
кусать	тешлә-ргә	
кусок	кисәк	
кухня (помещение)	аш бүлмәсе	
кухня (разновидность блюд)	ашлар (татарская кухня — татар ашлары)	
куча	өем	
ладонь	уч төбе	
лакомство	тәм-том, татлы ашамлыклар	
ласка	наз, сөю, иркәләү	
ласкать	иркәлә-ргә	
ласково	назлап, иркәләп	
ласточка	карлыгач	
лгать	ялганла-рга, ялган сөйлә-ргә	
лебедь	аккош	
лев	арыслан	
левша	сулагай	
лёгкие	үпкә(ләр)	
лёгкий	җиңел	
легко	җиңел	
легкомысленный	җиңел акыллы, җилбәзәк	
легче	җиңелрәк	
лёд	боз	
ледяной	боз	
лекарство	дару	
лён	җитен	
лента	тасма	
лень	ялкаулык	
лесник	урманчы	
лесной (орех)	урман (чикләвег-е)	
лестница	баскыч	
летать	оч-арга, очып бар-ырга	
летний	җәйге	
летом	җәй көне, җәен	
лётчик	очучы	
лечебница	шифаханә	
лечение	дәвалау	
лечиться	дәвалан-ырга	
лизать	яла-рга	
лиловый	аксыл-шәмәхә	
линия	сызык	
липа	юкә	
лиса	төлке	
лист	1) (дерева) яфрак; 2) (книги, бумаги) табак	
листопад	яфрак коелу	
литература	әдәбият	
литературный	әдәби	
лицо	бит	
лично	1) (он) үзе; 2) (я) үзем; 3) (ты) үзең; 4) (мы) үзебез; 5) (вы) үзегез; 6) (они) үзләре	
личность	шәхес	
лишать	мәхрүм ит-әргә	
лишний	артык	
лоб	маңгай	
ловить	тот-арга	
ловкий	җитез	
лодка	көймә, каек	
ложка	кашык	
локоть	терсәк	
ломтик	кисәк	
лопата	көрәк	
лопаться	шартла-рга	
лосось	сөләйман балыгы	
лось	поши	
луг	болын	
лужа	күлдәвек, җыелган су	
лужайка	чирәмлек	
лук (для стрельбы)	җәя	
лунный	айлы	
луч	нур	
лучше	яхшырак, әйбәтрәк	
лучший	иң яхшы	
лыжи водные	су чаңгы-сы	
лыжи	чаңгы	
лыжник	чаңгычы	
любовь	мәхәббәт	
любой	теләсә нинди	
любопытство	кызыксынучанлык	
мак	мәк	
малина	кура җиләг-е	
мало	аз, әз	
малыш	кечкенә бала, сабый	
мальчик	малай, ир бала	
маринованный	маринадланган	
маслина (дерево)	зәйтүн агач-ы	
маслина (плод)	зәйтүн җимеш-е	
мастер	оста	
мастерство	һөнәр, осталык	
материальный	матди, материаль	
махнуть	кул селке-ргә, кул селтә-ргә	
махровый	чачаклы	
мачеха	үги ана	
мгновение	мизгел	
мебель	мебель, өй җиһазы	
мёд	бал	
медведь	аю	
медленно	әкрен, акрын	
медленный	әкрен (акрын), салмак	
медлить	әкрен (акрын) кыймылда-рга	
медный	бакыр	
медосмотр	медицина тикшерүе	
медсестра	шәфкать туташы	
между	арасында	
междугородний	шәһәрара	
мел	акбур	
мель	сай урын	
мелькнуть	күренеп кит-әргә	
мельница	тегермән	
менять	алыштыр-ырга	
меняться	алмаш-ырга, алмашын-ырга	
мёртвый	үле, мәет	
местный	җирле, урындагы	
металлический	металл	
метка	билге	
мечеть	мәчет	
мешать	1) уңайсызла-рга, комачаула-рга; 2) болгат-ырга	
миг	мизгел, бик кыска вакыт	
минарет	манара	
министерство	министрлык	
мир (вселенная)	дөнья	
мир (спокойствие)	тынычлык	
мириться	татулаш-ырга	
мировой	дөньякүләм	
младенец	сабый, яшь бала	
мнение	уй, фикер	
многие	күп(ләр)	
многое	күп нәрсә	
многочисленный	күп санлы	
множество	бик күп	
могила	кабер	
Можете прийти?	Кил-ә аласызмы?	
можно	мөмкин, ярый, була	
мозг	ми	
мокрый	юеш, дымлы, җепшек	
молния	яшен	
молодёжный	яшьләр ...-ы/-е, -сы./-се	
молодёжь	яшьләр	
молодожёны	яңа өйләнешкән пар	
молодость	яшьлек	
моложавый	яшь чырайлы	
молоток	чүкеч	
молчание	тынлык	
молчать	дәшмә-скә, сөйләшмә-скә	
моргнуть	күз кыс-арга	
мороженое	туңдырма	
морской	диңгез ...-ы/-е, -сы/-се	
морщина	җыерчык	
мост	күпер	
мочь	...-а/-ә ал-ырга (Можете прийти? — Кил-ә аласызмы?)	
мощность	куәт, көч, егәрлек	
мощный	куәтле, егәрле	
мудрец	акыл иясе	
мужество	йөрәклелек, батырлык	
мужской	ир-ат, ирләр	
мужчина	ир-ат	
мука	он	
муравей	кырмыска	
муха	чебен	
мучение	газап, газаплану	
мучить	газапла-рга	
мчаться	җилдер-ергэ, чаб-арга	
мыло	сабын	
мысль	фикер, уй	
мышь	тычкан	
мягкий	йомшак	
мясной	итле	
мята	бөтнек	
мятный	бөтнекле	
мяч	туп	
набережная	яр буе	
набирать, набрать	җыярга (җый-арга)	
наблюдать	күзәт-ергә	
навеки	гомергә	
наверно	мөгаен	
навсегда	мәңгегә	
навстречу	каршы, каршыга	
наглый	оятсыз	
надевать (на кого-либо)	кидер-ергә	
надевать (на себя)	ки-яргә (ки(й)-әргә)	
надеяться	ышан-ырга, өмет ит-әргә	
надоедливый	борчучан, бәйләнчек	
надоесть, надоедать	туйдыр-ырга	
надпись	язма, язу	
наедине	икәүдән-икәү	
название	исем	
названный	аталган, исемләнгән	
назвать	исем бир-ергә, ата-рга, әйт-ејэгә	
называемый	... дип әйтелә (атала) торган	
называться	атал-ырга, әйтел-ергэ, диел-ергә	
наиболее	бигрәк тә	
наивный	беркатлы	
наизусть	күңелдән	
наилучший	иң яхшы	
найти, находить	таб-арга	
найтись	табыл-ырга	
наказание	җәза	
наказать	җәза бир-ергә	
наклеить	ябыштыр-ырга.	
наладить	төзәт-ергә, юлга сал-ырга	
налегке	җиңелчә	
наливать	агыз-ырга	
намёк	ишарә	
намекать	ишарә ит-әргә	
намного	күпкә	
намокнуть	чылан-ырга	
наоборот	киресенчә	
нападать	һөжүм ит-әргә	
напечатанный	басылган	
напиток	эчемлек	
наполовину	яртылаш	
напомнить	искә төшер-ергә	
направление	гюнәлеш	
напрасно	юкка, заяга	
например	мәсәлән	
напротив	каршыда, каршы	
напряжённый	киеренке	
народный	халык ...-ы/-е, -сы/-се	
нарочно	юри	
нарушить	боз-арга	
наряду	беррәттән	
насекомое	бөҗәк	
население	халык	
насквозь	үтәли, үтәрән-үтә	
насколько	никадәр, нихәтле	
наслаждаться	ләззәтлән-ергә	
наследие	мирас	
насмешить	көлдер-ергә	
насмешливо	мыскыл итеп, көлеп	
насмешливый	кешедән көлүчән	
насморк	томау	
наставление	үгет, нәсихәт	
наставник	остаз	
настолько	шулкадәр, шулхәтле	
насчёт	... турында, хакында	
натощак	ач карынга	
натуральный	табигый	
научить	өйрәт-ергә	
находить	таб-арга	
находка	табылдык	
начальник	башлык, түрә	
начинка	эчлек	
нёбо	аңкау	
небо	күк	
невежливый	әдәпсез	
неверный	ялгыш	
невеста	кәләш	
невинный	гаепсез, гөнаһсыз	
невкусный	тәмсез	
невозможно	мөмкин түгел	
невозможный	мөмкин булмаган	
невредимый	сау-сәламәт, исән-сау	
невыгодный	файдасыз	
невыносимый	түзә (чыдый) алмаслык	
негромко	әкрен генә	
недавно	күптән түгел	
недалеко	ерак түгел, якын	
недаром	юкка гына	
недовольный	канәгатьсез	
недостаток	җитешсезлек, кимчелек	
неженатый	өйләнмәгән	
незаконный	законсыз	
незаменимый	алыштыргысыз	
незаметный	беленмәслек	
незамужняя	кияүгә чыкмаган	
незнакомый	ят, таныш булмаган	
незрелый	пешмәгән	
неизвестно	билгесез	
неизвестный	ят, таныш түгел, билгесез	
неизлечимый	дәвалап булмый торган	
неизменный	үзгәрми торган	
неисправный	ватык	
неиссякаемый	бетмәс	
некогда	вакыт юк	
некоторый	кайсыбер, кайбер, беркадәр	
некстати	вакытсыз, урынсыз	
некуда ...	... җир юк	
нелегко	җиңел түгел, авыр	
немало	байтак, аз түгел	
немедленно	хәзер үк, шунда ук	
немножко	бераз гына	
немой	телсез	
ненавидеть	күрә алма-ска	
ненависть	нәфрәт	
ненужный	кирәксез	
необразованный	укымаган	
необходимость	кирәклек, зарурилык	
необходимый	кирәкле, зарур	
необыкновенный	гадәттән тыш	
необычайный	гадәттән тыш	
необычный	гадәти түгел, гадәти булмаган	
неограниченный	чикләнмәгән, чиксез	
неожиданность	көтелмәгән хәл	
неожиданный	көтелмәгән	
неоконченный	бетмәгән, төгәлләнмәгән	
неопределённый	билгесез, ачык булмаган	
неопровержимый	кире какмаслык	
неопытный	тәҗрибәсез	
неоспоримый	бәхәссез	
неосторожность	саксызлык	
неотложный	кичектергесез, ашыгыч	
неплохо	начар түгел	
непобедимый	җиңелмәс	
неподвижный	хәрәкәтсез	
неподходящий	туры килми торган, яраксыз	
непонимание	аңлашылмаучылык	
непонятный	аңлаешсыз, аңлашылмый торган	
неправильный	дөрес булмаган	
непредвиденный	алдан күрелмәгән	
непременно	һичшиксез	
непреодолимый	үтә алмаслык	
непрерывный	өзлексез	
непривычный	күнегелмәгән	
непригодный	яраксыз	
неприятность	күңелсезлек	
неприятный	күңелгә ятышсыз	
непромокаемый	дым (юеш) үткәрми торган	
непростительный	гафу итмәслек	
непрочный	нык булмаган	
неразговорчивый	аз сүзле	
нерешительность	кыюсызлык	
нержавеющий	тутыкмас	
несдержанный	тотнаксыз	
несомненно	һичшиксез	
несправедливость	гаделсезлек	
несчастный	бәхетсез	
неудача	уңышсызлык	
неудобный	уңайсыз	
неужели	чынлапмы? чынлапмыни? шулаймыни?	
неутомимый	армый-талмый торган	
нечаянно	ялгыш	
нечестный	намуссыз	
нигде	бер җирдә дә	
низкий	түбән, тәбәнәк	
никак	берничек тә	
никакой	бернинди дә	
никогда	беркайчан да	
никуда	беркая да	
ничто	бернәрсә дә, һичбер нәрсә, һичнәрсә	
новенький	өр-яңа	
ноготь	тырнак	
нож	пычак	
ножницы	кайчы	
нора	өн	
носить (одежду)	кияргә (ки(й)-әргә)	
носить (с собой)	йөрт-ергэ, ташы-рга	
носки	оекбаш	
нравственность	әхлак	
нравственный	әхлакый, рухи	
нужда	мохтаҗлык	
нынешний	хәзерге, бүгенге	
обед	төшке аш, төш	
обедать	төшке аш аша-рга	
обеспечение	тәэминат	
обеспечить	тәэмин ит-әргә	
обет	нәзер	
обещание	вәгъдә, сүз	
обещать	вәгъдә ит-әргә	
обзор	күзәтү	
обида	үпкә, хәтер калу, үпкәләү	
обидеться	үпкәлә-ргә	
обидно	күңелгә авыр	
обидный	күңелгә авыр, хәтер калдырырлык	
облако	болыт	
область	өлкә, тармак, тирә	
обман	алдау	
обмен	алышу, алмашу	
обморозить	өшет-ергә	
обновить	яңарт-ырга	
обогатить	бает-ырга	
обойти	урап үт-әргә	
обоняние	ис сизү	
оборудование	җиһаз	
обочина	юл чите	
обрадовать	шатландыр-ырга	
образ	сурәт, образ, тәртип	
образец	үрнәк	
образованный	мәгърифәтле, белемле	
образцовый	үрнәк	
обратиться	мөрәҗәгать ит-әргә	
обряд	йола	
обследовать	тикшер-ергә	
обслуживание	хезмәт күрсәтү	
обсуждать	фикер алыш-ырга	
обувь	аяк киеме	
обучать	өйрәт-ергә	
общежитие	тулай торак	
общественный	иҗтимагый	
общество	җәмгыять	
общий	гомуми, уртак	
общительный	аралашучан	
объявить	белдер-ергә, әйт-ергә	
объявление	белдерү, игълан	
объяснить	аңлат-ырга	
обычный	гадәттәге	
обязанный	тиеш, бурычлы	
обязательство	бурыч, йөкләмә	
овёс	солы	
овца	сарык	
оглянуться	борылып кара-рга	
огонёк	ут (яктысы)	
огонь	ут, ялкын	
огород	яшелчә бакчасы	
ограбить	тала-рга	
ограничить	чиклә-ргә	
огромный	бик зур	
одетый	киенгән	
одеть	киендер-ергә	
одеяло	юрган	
одинаковый	бер үк	
одинокий	ялгыз	
одновременно	бер үк вакытта	
ожерелье	муенса	
ожидание	көтү	
ожить	терел-ергә	
около	янында, тирәсендә	
окончить	бетер-ергә	
окошко	кечкенә тәрәзә	
окружающий	чолгап алган	
опаздывать	соңга кал-ырга	
опасность	куркыныч	
опоздание	соңга калу	
опора	таяныч	
определить	билгелә-ргә	
опустить	төшер-ергә	
оранжевый	әфлисун төсле, кызгылт-сары	
организатор	оештыручы	
организованный	тәртипле, оешкан	
орёл	бөркет	
орех	чикләвек	
оружие	корал	
осадки	явым-төшем	
освежить	сафландыр-ырга	
освежиться	сафлан-ырга	
осенью	көзен, көз көне	
осина	усак	
осмотреть	күздән кичер-ергә	
основа	нигез, буйлык	
основной	төп	
особенно	бигрәк тә	
особенный	үзенчәлекле	
оставлять	калдыр-ырга	
остановить	туктат-ырга	
остановка	тукталыш	
осторожно	саклык белән, сак	
остров	утрау	
острый	үткен	
ответить	җавап бир-ергә	
ответственность	җаваплылык	
отдохнуть	ял ит-әргә	
отдыхать	ял ит-әргә	
отечественный	ватан ...-ы/-е,-сы /-се	
отзыв	бәяләмә	
отказываться, отказаться	баш тарт-ырга	
открытие	ачыш, ачылыш	
открытый (человек)	ачык, эчкерсез	
открыть, открывать	ач-арга	
откуда-то	кайдандыр	
отличаться	аерыл-ырга	
отличие	аерма	
отлично	бик яхшы	
отличный	бик яхшы	
отметить, отмечать	билгелә-ргә, язып куярга (куй-арга)	
отношение	мөнәсәбәт, бәйләнеш	
отозваться	җавап кайтар-ырга	
отряд	отряд, төркем	
отстать, отставать	артта кал-ырга	
отсюда	моннан	
оттенок	төсмер	
отчёт	хисап	
отъезд	китү	
охладить	суыт-ырга	
охотник	аучы	
охотно	бик теләп	
охрана	саклау	
оценить	бәялә-ргә	
очаг	учак	
очередной	чираттагы	
очки	күзлек	
ошибаться	ялгыш-ырга	
ошибка	ялгыш, хата	
оштрафовать	штраф сал-ырга	
ощупью	капшап, капшана-капшана	
ощущение	тойгы	
падать	егыл-ырга	
палатка	чатыр, палатка	
палец	бармак	
палка	таяк	
память	хәтер, истәлек	
пара	пар	
пахнуть	аңкы-рга, ис кил-ергә	
пачкать	пычрат-ырга	
пачкаться	пычран-ырга	
пень	агач төбе	
перевернуть	эйләндер-ергә	
передача	бирү, тапшыру	
пережить	баштан кичер-ергә	
перемена	үзгәреш	
перерыв	тәнәфес	
перстень	йөзек	
песок	ком	
петь	җырла-рга	
печальный	кайгылы, хәсрәтле	
печка	мич	
печь	пешер-ергә	
пила	пычкы	
писатель	язучы, әдип	
пищать	чина-рга	
плавание	йөзү	
плавать	йөз-әргә	
плакать	ела-рга	
пламя	ялкын	
платить	түлә-ргә	
платок	яулык	
платье	күлмәк	
племянник	бертуганның улы (абыемның улы, апамның улы)	
плечо	иңбаш	
плита	плитә	
плод	җимеш	
плоский	яссы	
плот	сал	
плотный	тыгыз	
плохо	начар, яман	
плохой	начар, яман	
площадка	мәйданчык	
плыть	йөз-әргә	
победа	җиңү	
победитель	җиңүче	
побежать	йөгерә башла-рга	
побывать	булып кайт-ырга	
поведение	тәртип, холык	
поверить	ышан-ырга	
повернуть	бор-ырга	
повесить	эл-әргә	
повести	алып бар-ырга	
повод	сылтау	
поворот	борылыш	
повторить, повторять	кабатла-рга	
погибнуть	үл-әргә, һәлак бул-ырга	
поглядывать	караштыр-ырга	
погода	һава торышы	
подарить	бүләк ит-әргә	
подбородок	ияк	
подвезти	китер-ергә	
подвести	уңайсыз хәлгә куярга (куй-арга)	
подвиг	батырлык	
подготовить	әзерләп куярга (куй-арга)	
подготовка	әзерлек	
поднять, поднимать	күтәр-ергә	
подняться	күтәрел-ергә	
подобный	охшаш	
подписать	кул куярга (куй-арга)	
подпись	имза	
подробно	җентекләп, тулы итеп	
подруга	дус кыз	
подружиться	дуслаш-ырга	
подтвердить	расла-рга	
подумать	уйлап ал-ырга	
подушка	мендәр	
подхватить	эләктереп ал-ырга	
подъём	күтәрү	
поездка	бару	
пожать (руку)	(кул) кыс-арга	
пожилой	олы яшьтәге	
позади	артында	
позволить, позволять	рөхсәт ит-әргә	
позвонить	шалтырат-ырга	
познакомить	таныштыр-ырга	
познать	бел-ергэ	
поймать	эләктер-ергә	
поиски	эзләү	
пока	әлегә	
показать	күрсэт-ергә	
показаться -— күренеп кит-әргәпокой	тынлык	
поколение	буын	
покраснеть	кызарып кит-әргә	
покрытый	капланган	
покупать	сатып ал-ырга	
полагать	... дип уйла-рга, ... дип сана-рга	
полагаться	ышан-ырга	
поле	кыр	
полевой	кыр	
полезный	файдалы	
полететь	оч-арга	
положенный	куелган, тиешле	
положить	куярга (куй-арга)	
полоска	озынча тар тасма	
полтора	бер ярым	
полчаса	ярты сәгать	
пользоваться	файдалан-ырга, куллан-ырга	
помешать	комачаула-рга	
помнить	хэәтерлә-ргә	
помолчать	эндәшми тор-ырга	
помочь, помогать	ярдэм ит-әргә	
помощник	ярдәмче	
понадобиться	кирәк бул-ырга	
понятно	аңлаешлы, аңлашыла	
понятный	аңлаешлы	
поправить	төзәт-ергә, рәтлә-ргә	
попробовать	татып кара-рга	
попросить	сора-рга	
пора	...-га вакыт	
порог	бусага	
порядок	тәртип	
посёлок	посёлок	
посидеть	бераз утыр-ырга	
после	соңыннан	
послушаться	сүз тыңла-рга	
послышаться	ишетел-ергә	
посоветовать	киңәш бир-ергә	
посоветоваться	киңәш-ергә	
поставить	куярга (куй-арга)	
поставленный	куелган	
постепенно	аз-азлап, акрынлап	
постоянный	өзлексез, даими	
постоять	басып тор-ырга	
построенный	төзелгән, корылган	
посуда	савыт-саба	
потерять	югалт-ырга	
поток	гөрләвек, ташкын	
потолок	түшәм	
потому	шул сәбәпле	
похожий	охшашлы	
почва	туфрак	
почему	ни сәбәптән, ни өчен	
почему-то	нигәдер, нилектәндер	
почётный	мактаулы	
почти	... диярлек	
почувствовать	сиз-әргэ, тоярга (той-арга), хис ит-әргә	
поэт	шагыйрь	
поэтому	шунлыктан	
пояс	билбау, пояс	
прав	хаклы	
правило	кагыйдә, тәртип	
правительство	хөкүмәт	
правление	идарә итү	
право	хокук	
правый	1) уң; 2) гадел	
праздник	бәйрәм ...-ы/-е, -сы/-се	
празднично	бәйрәмчә	
предел	чик	
председатель	рәис, председатель	
представить	тәкъдим ит-әргә	
представление (воображаемое представление)	күзаллау	
представление (шоу)	тамаша	
представлять (быть представителем ...)	... вәкил-е бул-ырга	
представлять (воображать)	күзалла-рга	
предупредить	искәрт-ергә	
прежний	элекке, үткән	
прекрасно	бик яхшы	
прекрасный	бик матур, бик яхшы	
преподаватель	укытучы	
прибежать	йөгереп кил-ергә	
приближаться	якынаерга (якынай-ырга)	
привезти	китер-ергә	
привести	алып кил-ергә, китер-ергә	
привыкнуть	гадэтлән-ергә, күнег-ергә	
привычка	гадәт, күнегү	
приглашение	чакыру	
пригодиться	кирәк бул-ырга, яра-рга	
пригодный	яраклы	
приготовить	1) әзерлә-ргә; 2) (еду) пешер-ергә	
приготовиться	әзерлән-ергә	
придумать	уйлап таб-арга	
признаться	таны-рга	
приказ	приказ, боерык	
пример	үрнәк, мисал	
примерно	якынча, чама белән, чамалап	
принадлежать	...-ныкы (китап Гатаныкы), ...-ның (Гатаның китабы)	
принятый	кабул ителгән	
присесть	чүгәлә-ргә	
прислушаться, прислушиваться	колак сал-ырга	
приходиться	туры кил-ергә	
причём	өстәвенә	
причина	сәбәп	
приятный	1) рәхәт; 2) ягымлы	
пробежать	йөгереп үт-әргә	
пробовать	сынап (тырышып) кара-рга	
проведённый	үткәрелгән	
проверить	тикшер-ергә	
провожать, проводить	озат-ырга	
проговорить	әйт-ергә	
продолжать	дәвам ит-әргә	
прозвучать	яңгыра-рга	
прозрачный	үтә күренмәле	
произведение	эсәр	
производительный	җитештерүчән	
производственный	җитештерү ...-ы/-е, -сы/-се	
производство	җитештерү, производство	
произнести	эйт-ергә	
пройти	үт-әргә	
пропадать	югал-ырга	
пропасть	югал-ырга	
просить	сора-рга, үтен-ергә	
простить	гафу ит-әргә	
простор	киңлек	
против	каршы	
противник	дошман, каршы як	
профессия	белгечлек, һөнәр	
проходить	үт-әргә	
прощать	гафу ит-әргә	
прощение	гафу итү, кичерү	
пруд	буа	
прыжок	сикереш, сикерү	
птица	кош	
пугать	куркыт-ырга	
пустыня	чүл, сахра	
пух	мамык	
пыль	тузан	
пытаться	маташ-ырга	
работник	хезмәткәр, хезмәтче	
рабочий	эшче; эш ...-ы/-е, -сы/-се	
равно	тигез	
равнодушно	илтифатсыз	
равнодушный	ваемсыз, исе китми торган	
равномерно	бертигез	
равный	тигез	
радостный	сөенечле, шатлыклы	
радуга	салават күпере	
разбор	тикшерү, сүтү	
разве	...-мыни/-мени, әллә ...-мы/-ме	
разведчик	эзләүче, разведчик	
развитие	үсеш	
развитой	таза, үскән	
развиться	ныгы-рга, үс-әргә	
разглядывать	карап тор-ырга	
разговор	сөйләшү	
разговорный	сөйләү	
раздаваться	ишетел-ергә	
раздаться	яңгыра-рга	
раздеться	чишен-ергә	
раздумье	уй, уйлану	
различный	һәртөрле	
разломать	ват-арга, җжимер-ергә	
размер	1) зурлык, күләм; 2) үлчәм	
разнообразный	һәртөрле	
разноцветный	төрле төстәге, төсле	
разобрать	алып бетер-ергә, тикшер-ергә	
разойтись	таралыш-ырга, тарал-ырга	
разрешать	рөхсәт ит-әргә	
разрешение	рөхсәт	
разум	акыл, зиһен	
районный	район ...-ы/-е-, -сы/-се	
раненый	яраланган, яралы кеше	
ранний	иртән, иртә килгән	
раскрыть	ач-арга	
расписаться	1) кул куярга (куй-арга); 2) язылыш-ырга	
распорядок	тәртип	
распоряжение	боерык, күрсәтмә	
рассердиться	ачулан-ырга	
рассказ	хикәя, сөйләү	
рассмеяться	көл-әргә, көлә башла-рга	
расспросить	сораш-ырга, белеш-ергэ	
расстояние	ара, ераклык	
расстроиться	бозыл-ырга; какша-рга	
растерянно	аптырап, каушап	
растерять	югалт-ырга	
расти	үс-әргә	
расходиться	таралыш-ырга, тарал-ырга	
расчёт	1) исәпләү; 2) файда	
реальный	реаль, тормышчан	
ребята	балалар, егетләр	
редакция	редакция	
резиновый	резин ...	
резкий (запах)	ачы	
резкий (звук)	кискен	
результат	нәтиҗә	
республиканский	республика, җөмһүрият ...-ы/-е, -сы/-се	
речь	1) сөйләм; 2) нотык	
решать, решить	чиш-әргә, карар кыл-ырга	
решение	чишү, карар, нәтиҗә	
решённый	чишелгән, хәл ителгән	
решимость	тәвәккәллек	
рисунок	рәсем, сурәт	
робко	кыюсыз гына, юаш кына	
ровный	тигез, төз	
род	ыру, нәсел	
родина	туган ил, ватан	
родители	ата-ана	
родиться	ту-арга	
рождение	туу	
рост	1) буй; 2) үсеш	
рубашка	күлмәк	
рубеж	чик, ара	
рубль	(бер) сум, тәңкә	
рукав	җиң	
руководить	җитәкчелек ит-әргә	
руководство	җитәкчелек итү	
русский	рус	
ручка (дверная)	тотка	
ручка (для письма)	каләм	
рыба	балык	
рыбак	балыкчы	
рябина	миләш	
рядом	янәшә, якын гына	
самодеятельность	үзешчәнлек	
самолёт	самолёт, очкыч	
самостоятельность	бәйсезлек, мөстәкыйльлек	
самоуверенный	үз-үзенә нык ышанган	
сапоги	итек	
сбиться	ялгыш-ырга, бутал-ырга	
сбор	җыю, җыелу	
свадьба	туй	
свалиться	егыл-ырга, аварга (ау-арга), ишел-ергә	
сварить	пешер-ергә	
свежие овощи	яңа өлгергән яшелчәләр	
свежий	яңа ...-ган/-гэн (свежие овощи — яңа өлгергән яшелчәләр)	
сверкающий	ялтырап торган	
сверху	югарыдан, өстән	
свет	яктылык, ут	
свободно	иркен, иркенләп	
своеобразный	үзенә бертөрле	
связанный	бәйләнгән	
связь	бәйләнеш, элемтә	
сдать	бирү, кайтару	
сделанный	ясалган, эшләнгән	
северный	төньяк ...-ы/-е, -сы/-се	
сегодняшний	бүгенге	
сездән башка	без вас	
секрет	сер	
секретарь	сәркатип	
секунда	секунд	
село	авыл	
сельский	авыл ...-ы/-е, -сы/-се	
сено	печән	
сердито	ачуланып, усал итеп	
сердиться	ачулан-ырга, ачу кил-ергә	
серьга	алка	
серьёзно	җитди, чынлап	
серьёзный	җитди	
сирота	ятим	
система	система, тәртип	
сказанный	әйтелгән, диелгән	
сказать	эәйт-ергә, дияргә (ди(й)-әргә)	
сказка	әкият	
скамейка	эскәмия	
скатерть	эскәтер	
скользкий	шома, тайгак	
скорость	тизлек	
слабый	көчсез, чирләшкә	
слава	дан, шөһрәт	
слегка	аз гына, җиңелчә	
следующий	алдагы, аннан соңгы	
слепой	сукыр	
словарь	сүзлек	
слово	сүз	
словом	кыскасы	
случай	вакыйга	
случайно	очраклы рэвештә	
случайный	очраклы, көтелмәгән	
слышаться	ишетел-ергә, сизел-ергә	
слышно	ишетелә, хәбәрләр бар	
слышный	ишетелә торган	
смена	алмашыну, смена, алмаш	
смерть	үлем, әҗәл	
смешной	көлкеле, көлдергеч	
смеяться	көл-әргә	
смысл	мәгънә	
снег	кар	
снежный	кар, карлы	
снимать	төшер-ергә	
снимок	рәсем, күчермә	
снова	яңадан, тагы бер кат	
собрать	җыярга (җый-арга), хәзерлә-ргә	
собственно	чынында, дөресендә	
совершенно	бөтенләй, тәмам, һич	
совершеннолетний	балигъ булган	
совесть	веждан, намус	
советовать	киңәш бир-ергә	
современный	заманча, хәзерге	
совсем	бөтенләй, һич тә	
содержание	эчтәлек	
сожаление	кызганыч, үкенеч	
создание	булдыру, төзү	
созданный	төзелгән, ясалган	
сознание	аң	
сокровище	хәзинә	
солнечный	кояшлы	
солнце	кояш	
сомнение	шик, шөбһә	
сомнительный	шикле, шөбһәле	
сообщать, сообщить	хәбәр ит-әргә, белдер-ергә	
соревнование	ярыш	
сосед	күрше	
соседний	күрше...	
сосна	нарат	
спасти	коткар-ырга	
спать	йокла-рга	
спелый	өлгергән, пешкән	
специальность	белгечлек	
специальный	махсус	
спешить	ашыг-ырга, кабалан-ырга	
спина	арка, сырт	
спор	бәхәс	
спорить	бәхәсләш-ергә	
спортсмен	спортчы	
способность	сәләт	
спрашивать, спросить	сора-рга	
спрятать	яшер-ергә	
среди	арасында	
срочно	бик тиз, ашыгыч	
ставить	бастыр-ырга, урнаштыр-ырга, куярга (куй-арга)	
старик	карт	
старуха	карчык	
старый	карт, иске, алама	
статья	мәкалә	
стекло	пыяла	
степь	дала	
стирать	кер ю-арга	
стих	шигырь	
столб	багана	
столовая	аш бүлмәсе, ашханә	
столько	шулкадәр, шулхәтле	
стоявший	торган, басып торган	
стража	кораллы сакчы(лар), сак	
страница	бит	
страх	курку	
страшно	куркыныч, курку	
страшный	куркыныч	
стремиться	омтыл-ырга	
стремление	омтылыш, морад	
строгий	таләпчән, кырыс	
строго	таләпчәнлек күрсәтеп	
строение	төзү, корылма	
стройка	төзү, төзелеш	
строитель	төзүче	
строительный	төзү, төзелеш	
строительство	төзелеш	
стук	шакылдау	
стучать	шакылда-рга	
стыдно	оят	
суд	суд, хөкем	
судьба	язмыш, тәкъдир, күрәчәк	
суметь	булдыра ал-ырга	
сумка	букча, сумка	
суровый	кырыс, каты	
сутки	тәүлек	
существо	зат, җан иясе	
схватить	тотып ал-ырга	
сходить	барып кайт-ырга	
сцена	сәхнә	
счастливый	бәхетле	
счастье	бәхет, сәгадәт	
счёт	санау, исәпләү, счёт	
считаться	исәпләш-ергә, санаш-ырга	
съезд	съезд, корылтай	
сюда	монда, бире	
тайна	сер	
также	шулай ук, ... да	
такой	шундый, шулкадәр	
талия	бил	
танец	бию	
танцевать	бие-ргә	
таскать	таш-ырга	
татарская кухня	татар ашлары	
татарский	татар ...-ы/-е, -сы/-се, татарча	
тащить	алып бар-ырга	
твердить	колагына тукы-рга, ятла-рга	
твёрдый	каты, ныклы	
творог	эремчек	
творчество	иҗат	
тело	тән	
темнеть	караңгылан-ырга	
темнота	караңгылык	
тень	күләгә	
тереть	ышкы-рга	
терпение	сабырлык, түземлек	
терпеть	түз-әргә	
терять	югалт-ырга	
тесно	тыгыз, тар	
тесто	камыр	
тетрадь, тетрадка	дәфтәр	
технический	техник	
тихий	әкрен, тын	
тихо	әкрен, тын	
тихонько	экрен генә	
тишина	тынлык, тынычлык	
то есть (т. е.)	ягъни, дөресрәге	
тогда	ул вакытта	
тоже	шулай ук, ... да/дә	
тозсыз	без соли, несолёный	
толпа	халык	
толщина	калынлык	
тон	тон, төсмер	
топор	балта	
торжественный	тантаналы	
торжество	тантана	
торопиться	ашыг-ырга	
торопливо	ашыгып, кабаланып	
торопливый	ашыгучан, ашыгыч	
торчать	чыгып (тырпаеп) тор-ырга	
тоска	сагыну, эч пошу	
тотчас	шунда ук, шул чакта ук	
точка	нокта	
трава	чирәм, үлән	
тракторист	тракторчы	
тратить	сарыф ит-әргә, түг-әргә	
требование	таләп	
требоваться	таләп ител-ергә	
тревога -– курку, тревогатревожно	борчулы, шомланып	
тревожный	шомлы	
трезвость	аеклык, аек булу	
трезвый	аек	
треугольник	өчпочмак	
тропа	сукмак	
труба	1) торба; 2) морҗа; 3) быргы	
трубка	трубка, көпшә	
труд	хезмәт, көч түгү	
трудно	авыр, кыен, читен	
трудность	авырлык, кыенлык	
трудный	авыр, кыен, читен	
трудящийся	хезмәт иясе, хезмәт итүче	
туман	томан	
тут	биредә, монда	
туча	болыт, кара болыт	
тяжело	авыр, читен, кыен	
тяжёлый	авыр, салмак, каты	
тянуть	тарт-ырга	
тянуться	сузыл-ырга	
убедительный	ышандырырлык	
убирать	алып куярга (куй-арга), җыярга (җый-арга)	
убираться	җыештыр-ырга	
убить	үтер-ергә	
уборка	җыю, җыештыру	
убыток	зыян	
уважаемый	хөрмәтле	
уважать	ихтирам ит-әргә	
уважение	хөрмәт, ихтирам	
уверенно	ышанып	
уверенность	ышану, ныклы ышаныч	
уверенный	нык ышанган кеше	
уверять	ышандыр-ырга	
увидев	күреп (алып)	
увлечь	мавыктыр-ырга	
уволить	эштән чыгар-ырга	
уговаривать	үгетлә-ргә	
уголь	күмер	
угостить	сыйла-рга	
удаваться	уңышлы барып (килеп) чыг-арга	
удар	бәрү, сугу	
ударить	суг-арга, бәр-ергә	
удивительно	гаҗәп, искиткеч	
удивительный	гаҗәеп, искиткеч	
удивиться	ис кит-әргә, гаҗәплән-ергә	
удивление	ис китү, гаҗәпләнү	
удивлённо	ис китеп, гаҗәпләнеп	
удобно	уңайлы, җайлы	
удобный	уңайлы, җайлы	
удовлетворительный	канәгатьләнерлек	
удовлетворять	канәнагатьләндер-ергә	
удовлетворяться	канәгатьлән-ергә	
удочка	кармак	
уж	тузбаш (елан)	
ужас	курку, кот очу	
ужин	кичке аш	
узкий	тар	
узнавать	таны-рга, бел-ергэ	
узор	бизәк, нәкыш	
указать	күрсәт-ергә, ишарә ит-әргә	
украсить	бизә-ргә	
улучшаться, улучшиться	яхшыр-ырга, эйбәтлән-ергә	
улучшить	яхшырт-ырга, әйбәтләндер-ергә	
улыбаться	елмаерга (елмай-ырга)	
улыбка	елмаю, көлемсерәү	
ум	акыл	
умелый	оста, булдыклы	
умение	белү, сәләт	
уменьшать	кечерәйт-ергә	
умереть	үл-әргә	
умножить	тапкырла-рга, арттыр-ырга	
управление	идарә (итү)	
упрёк	шелтә	
упругий	сыгылмалы	
урманга кадәр	до леса	
уровень	биеклек, дәрәҗә	
урок	1) дәрес; 2) гыйбрәт	
усадьба	утар	
условие	шарт	
услышать	ишет-ергэ, ишетеп бел-ергә	
уснуть	йокыга кит-әргә, йоклап кит-әргә	
усовершенствоваться	камилләш-ергә	
успешно	уңышлы (рәвештә)	
успокоиться	тынычлан-ырга	
усталый	арыган, талчыккан	
установленный	куелган, билгеләнгән	
устно	телдән	
устраивать	кор-ырга, рәтлә-ргә, куптар-ырга	
устройство	төзелеш, җайланма	
утверждать	расла-рга, дөрес дип сана-рга	
утром	иртән, иртә белән	
ухо	колак	
участие	катнашу, теләктәшлек	
участник	катнашучы	
участок	участок, бүлемтек	
учащийся	укучы	
учебник	дәреслек	
ученик	укучы, өйрәнчек, шәкерт	
учёный	галим, гыйльми	
учитель	укытучы, остаз, мөгаллим	
учительская	укытучылар бүлмәсе	
учить (кого-либо)	укыт-ырга, өйрәт-ергә	
учить (наизусть)	ятла-рга	
уют	уңайлылык, җыйнаклык	
уютный	уңайлы, ямьле, җыйнак	
уязвимый	йомшак, кимсенүчэән	
фартук	алъяпкыч	
фигурное (катание)	фигуралы (шуу)	
финансировать	финансла-рга, акча бир-ергә	
флаг	байрак, флаг	
фотография	фотография, рәсем, сурәт	
фраза	фраза, җөмлә, гыйбарә	
фрукт	җимеш	
характер	характер, холык	
хватать	тот-арга	
хвойный	ылыслы	
хвост	койрык	
химический	химия ...-ы/-е,-сы/-се, химик	
хитрый	хәйләкәр	
хищник	ерткыч	
хладнокровный	салкын канлы	
хлопоты	мәшәкать	
хмурый	караңгы чырайлы	
ходьба	йөреш, йөрү	
холм	калкулык	
холостой	буйдак, өйләнмәгән	
хор	хор, күмәк җыр	
хоронить	күм-әргә	
хоть	... булса да	
хотя	гәрчә	
храбрость	кыюлык, батырлык	
художественная литература	матур әдәбият	
художественный фильм	нэфис фильм	
художественный	матур (художественная литература — матур әдәбият); нәфис (художественный фильм — нэфис фильм)	
худой	ябык	
хуже	начаррак	
цвести	чәчәк ат-арга	
цвет	төс	
цветение	чәчәк ату, чәчәкләнү	
цветной	төсле	
цветок	чәчәк, гөл	
целиком	тулаем	
целина	чирәм җир	
целовать	үб-әргә	
целоваться	үбеш-ергә	
цель	максат	
ценный	кыйммәтле	
церковь	чиркәү	
цыган	чегән	
цыплёнок	чеби, чебеш	
чайка	акчарлак	
чаще	ешрак	
чей	кемнеке	
чей-то	кемнекедер	
человеческий	кеше ...-ы/-е,-сы/-се	
человечество	кешелек дөньясы	
червь	корт	
чередоваться	чиратлаш-ырга	
черёмуха	шомырт	
черепаха	ташбака	
черешня	төче чия	
чернеть	карал-ырга	
черника	караҗиләк	
чернила	кара (язу карасы)	
чернозём	кара туфрак	
чернослив	караҗимеш	
чёрт	шайтан	
черта (линия)	сызык	
черта (характерная особенность)	сыйфат	
чесать	кашы-рга	
чеснок	сарымсак	
честь	намус	
четверть	чирек	
чёткий	анык, аңлаешлы	
чинить	төзәт-ергә	
число	сан	
чисто	чиста (итеп)	
чистосердечный	саф күңелле	
чистота	чисталык, сафлык	
читатель	укучы	
чихать	төчкер-ергә	
член	әгъза, член	
что-либо	ни дә булса	
что-то	нәрсәдер	
чувство	тойгы, хис	
чувствоваться	тоел-ырга	
чудесно	гаҗәп	
чудесный	таң калырлык	
чудо	могҗиза	
чудовище	албасты	
чуткий	сизгер	
чуть	аз гына	
шагать	атла-рга, атлап бар-ырга	
шаль	шәл	
шапка	бүрек	
шахматист	шахматчы	
швейный (цех)	тегү (цех-ы)	
швея	тегүче	
шевелить	кыймылдат-ырга	
шёлк	ефәк	
шёпот	пышылдау	
шёпотом	пышылдап	
шептать	пышылда-рга	
шерсть	йон	
шест	колга	
шея	муен	
шипеть	ысылда-рга	
шиповник	гөлҗимеш	
ширина	киңлек	
школа	мәктәп	
школьник	укучы	
школьный	мәктәп ...-ы/-е, -сы/-се	
шкура	тире	
шляпа	эшләпә	
шов	җөй	
шорох	кыштырдау	
штаны	ыштан	
штука	данә	
шуба	тун	
шум	тавыш	
шуметь	шаула-рга, тавышлан-ырга	
шумно	шау-шулы	
шутить	шаяр-ырга	
щавель	кузгалак	
щедрость	юмартлык	
щека	яңак	
щель	ярык	
щенок	көчек	
щи	щи, кәбестә ашы	
щит	калкан	
щука	чуртан	
щупать	капша-рга	
щурить	күзне кысып кара-рга	
экзамен	имтихан	
экзаменовать	имтихан ал-ырга	
экземпляр	нөсхә	
экономика	икътисад	
экономия	экономия, сакчыллык, хәстәрлек	
экономный	экономияле, сакчыл, исрафсыз	
экстренный	ашыгыч	
элегантный	элегант, купшы	
электростанция	электр станциясе	
энергично	гайрәтләнеп, дәрт белән	
энергичный	энергияле, дәртле, гайрәтле	
энергия	энергия; дәрт	
эпоха Возрождения	Яңарыш чоры	
эхо	кайтаваз	
ювелир	ювелир, зәркән	
юмор	юмор, көлке	
юность	яшьлек	
юноша	яшүсмер	
юношеский	яшьлек ...-ы/-е,-сы/-се	
яблоня	алмагач	
яблочный	алма ...-ы/-е, -сы/-се	
явка	килү	
явление	күренеш	
ягода	җиләк	
яд	агу	
ядерный	атом-төш ...-ы/-е,-сы /-се	
ядовитый	агулы	
ядро	төш	
язва	җәрәхәт	
язык	тел	
яйцо	йомырка	
якобы	имеш	
яма	чокыр	
январь	гыйнвар	
ярко	якты, яп-якты	
ясно	якты, аяз	
ястреб	карчыга	
ящик	тартма	
